ackack250505@gmail.com|nguyenminhde05|ackack2505053596pbm@hotmail.com||challenge.ipe||||||||||||||||||||||||acostajohnkarl2@gmail.com|babyonemoretime741|acostajohnkarl27325pbm@hotmail.com||challenge.iap||||||||||||||||||||||||ad2579896@gmail.com|Dangtung0204|ad25798966309pbm@hotmail.com||||||||||||||||||||||||||ad34ali78@gmail.com|babyonemoretime741|ad34ali787790pbm@hotmail.com||||||||||||||||||||||||||ad3708882@gmail.com|nguyenducmau06|ad37088824864pbm@hotmail.com||||||||||||||||||||||||||ad423566@gmail.com|nguyenducmau06|ad4235664890pbm@hotmail.com||||||||||||||||||||||||||ad5000830@gmail.com|nguyenducmau06|ad50008301994pbm@hotmail.com||||||||||||||||||||||||||ad72944049@gmail.com|nguyenducmau06|ad729440493488pbm@hotmail.com||||||||||||||||||||||||||ad838203@gmail.com|nguyenminhde05|ad8382038376pbm@hotmail.com||||||||||||||||||||||||||adabalasubbarao3@gmail.com|nguyenminhde05|adabalasubbarao33544pbm@hotmail.com||||||||||||||||||||||||||adamallordallrod@gmail.com|Sjnwgboeukjv|mohamed09124022@gmail.com||||||||||||||||||||||||||adamkhan9549306105@gmail.com|nguyenminhde05|adamkhan95493061057357pbm@hotmail.com||||||||||||||||||||||||||adamsking93@gmail.com|trong123sz|adamsking931345pbm@hotmail.com||||||||||||||||||||||||||adapalaramya763@gmail.com|nguyenminhde05|adapalaramya7639909pbm@hotmail.com||||||||||||||||||||||||||add771346@gmail.com|nguyenducmau06|add7713461348pbm@hotmail.com||||||||||||||||||||||||||addulrauf89@gmail.com|Cuccungoi2354|addulrauf896140pbm@hotmail.com||||||||||||||||||||||||||addylaguri9@gmail.com|trong123sz|addylaguri93703pbm@hotmail.com||||||||||||||||||||||||||adeejatoi323031122@gmail.com|Thanhpham1254|adeejatoi3230311228807pbm@hotmail.com||||||||||||||||||||||||||adeelahmad9585@gmail.com|Cuccungoi2354|adeelahmad95858389pbm@hotmail.com||||||||||||||||||||||||||adeelahmed5997@gmail.com|Truongvanchi984|adeelahmed59977373pbm@hotmail.com||||||||||||||||||||||||||