brendalpsimeon6218@gmail.com|brendapssimeon2169|brendaemsimeon2217@toolmmo.pro|||||19/01/2022 18:18|||||Add_Mail_KP_Z3|||||||||stefanylpelwell3319@gmail.com|stefanypselwell8891|stefanyemelwell1732@toolmmo.pro|||||24/01/2022 22:46|||||Add_Mail_KP_Z3|||||||||shellylpabelardo5097@gmail.com|shellypsabelardo1848|shellyemabelardo8187@toolmmo.pro|||||19/01/2022 23:46|||||Add_Mail_KP_Z3|||||||||williamslpmceady3636@gmail.com|williamspsmceady7474|williamsemmceady7287@toolmmo.pro|||||20/01/2022 16:55|||||Add_Mail_KP_Z3|||||||||suellenlpraimann9204@gmail.com|suellenpsraimann2677|suellenemraimann2969@toolmmo.pro|||||21/01/2022 16:50|||||Add_Mail_KP_Z3|||||||||felipalpmesch4331@gmail.com|felipapsmesch5593|felipaemmesch2669@toolmmo.pro|||||19/01/2022 19:17|||||Add_Mail_KP_Z3|||||||||rupertlpversteegh8058@gmail.com|rupertpsversteegh9526|rupertemversteegh9591@toolmmo.pro|||||11/01/2022 18:04|||||Add_Mail_KP_Z3|||||||||brandelpgroscost1792@gmail.com|brandepsgroscost4977|brandeemgroscost3235@toolmmo.pro|||||11/02/2022 18:14|||||Add_Mail_KP_Z3|||||||||elijahlpfenniwald3774@gmail.com|elijahpsfenniwald4797|elijahemfenniwald4524@toolmmo.pro|||||03/02/2022 12:17|||||Add_Mail_KP_Z3|||||||||pennielpmattina8143@gmail.com|penniepsmattina8718|pennieemmattina8156@toolmmo.pro|||||07/02/2022 23:09|||||Add_Mail_KP_Z3|||||||||reynaldalphauptly2814@gmail.com|reynaldapshauptly2109|reynaldaemhauptly7582@toolmmo.pro|||||30/01/2022 18:24|||||Add_Mail_KP_Z3|||||||||carminelpgodines6427@gmail.com|carminepsgodines5376|carmineemgodines7490@toolmmo.pro|||||19/01/2022 23:25|||||Add_Mail_KP_Z3|||||||||jodielphorney6938@gmail.com|jodiepshorney5776|jodieemhorney6437@toolmmo.pro|||||27/01/2022 04:53|||||Add_Mail_KP_Z3|||||||||dannalposeguera7932@gmail.com|dannapsoseguera2812|dannaemoseguera6697@toolmmo.pro|||||07/02/2022 22:21|||||Add_Mail_KP_Z3|||||||||belllpmaser8213@gmail.com|bellpsmaser8469|bellemmaser8441@toolmmo.pro|||||30/12/2021 03:31|||||Add_Mail_KP_Z3|||||||||colbylphalm2095@gmail.com|colbypshalm5309|colbyemhalm8538@toolmmo.pro|||||08/02/2022 03:41|||||Add_Mail_KP_Z3|||||||||yilpberanek1260@gmail.com|yipsberanek1802|yiemberanek3385@toolmmo.pro|||||23/01/2022 19:42|||||Add_Mail_KP_Z3|||||||||elenilptuamoheloa4909@gmail.com|elenipstuamoheloa7839|eleniemtuamoheloa9029@toolmmo.pro|||||24/01/2022 18:08|||||Add_Mail_KP_Z3|||||||||patricklpschroeden9771@gmail.com|patrickpsschroeden1040|patrickemschroeden9431@toolmmo.pro|||||11/01/2022 12:02|||||Add_Mail_KP_Z3|||||||||gracielalpentrup2622@gmail.com|gracielapsentrup8940|gracielaementrup9981@toolmmo.pro|||||07/02/2022 13:43|||||Add_Mail_KP_Z3|||||||||rhettlpgochenour6416@gmail.com|rhettpsgochenour3676|rhettemgochenour2254@toolmmo.pro|||||25/01/2022 05:38|||||Add_Mail_KP_Z3|||||||||katilpkuffel9783@gmail.com|katipskuffel9062|katiemkuffel7910@toolmmo.pro|||||03/01/2022 00:52|||||Add_Mail_KP_Z3|||||||||bellelpbaucum2671@gmail.com|bellepsbaucum7664|belleembaucum8412@toolmmo.pro|||||07/02/2022 23:37|||||Add_Mail_KP_Z3|||||||||brianalpleconey1767@gmail.com|brianapsleconey9926|brianaemleconey1159@toolmmo.pro|||||01/01/2022 12:54|||||Add_Mail_KP_Z3|||||||||shawnlplogsdon5766@gmail.com|shawnpslogsdon8221|shawnemlogsdon2205@toolmmo.pro|||||24/01/2022 09:31|||||Add_Mail_KP_Z3|||||||||ossielpmargel3707@gmail.com|ossiepsmargel6993|ossieemmargel6428@toolmmo.pro|||||10/01/2022 22:16|||||Add_Mail_KP_Z3|||||||||oklpmcneese4288@gmail.com|okpsmcneese1495|okemmcneese9567@toolmmo.pro|||||16/02/2022 02:21|||||Add_Mail_KP_Z3|||||||||templelpnatoli5636@gmail.com|templepsnatoli4679|templeemnatoli9633@toolmmo.pro|||||19/01/2022 07:12|||||Add_Mail_KP_Z3|||||||||leandrolpgrout1405@gmail.com|leandropsgrout6781|leandroemgrout3064@toolmmo.pro|||||29/12/2021 23:17|||||Add_Mail_KP_Z3|||||||||dereklppaukert1277@gmail.com|derekpspaukert2912|derekempaukert1674@toolmmo.pro|||||20/01/2022 15:53|||||Add_Mail_KP_Z3|||||||||eugenelpboye8838@gmail.com|eugenepsboye1885|eugeneemboye6761@toolmmo.pro|||||06/02/2022 18:09|||||Add_Mail_KP_Z3|||||||||tommielphader4917@gmail.com|tommiepshader3508|tommieemhader5387@toolmmo.pro|||||09/02/2022 15:38|||||Add_Mail_KP_Z3|||||||||beulalpwuerth7998@gmail.com|beulapswuerth5263|beulaemwuerth1201@toolmmo.pro|||||02/01/2022 17:50|||||Add_Mail_KP_Z3|||||||||rhodalpbaldor2633@gmail.com|rhodapsbaldor6267|rhodaembaldor2363@toolmmo.pro|||||20/01/2022 02:09|||||Add_Mail_KP_Z3|||||||||ebonilpswadling5335@gmail.com|ebonipsswadling1772|eboniemswadling9867@toolmmo.pro|||||21/01/2022 03:30|||||Add_Mail_KP_Z3|||||||||lawerencelpsorum1905@gmail.com|lawerencepssorum8329|lawerenceemsorum1413@toolmmo.pro|||||24/01/2022 21:43|||||Add_Mail_KP_Z3|||||||||chantelptaverna4143@gmail.com|chantepstaverna7823|chanteemtaverna1842@toolmmo.pro|||||23/01/2022 21:51|||||Add_Mail_KP_Z3|||||||||courtneylpgehrig2954@gmail.com|courtneypsgehrig6891|courtneyemgehrig7084@toolmmo.pro|||||18/01/2022 18:10|||||Add_Mail_KP_Z3|||||||||sigridlpbazer1182@gmail.com|sigridpsbazer9028|sigridembazer6152@toolmmo.pro|||||05/01/2022 23:51|||||Add_Mail_KP_Z3|||||||||kyokolphaker1661@gmail.com|kyokopshaker2365|kyokoemhaker6159@toolmmo.pro|||||21/01/2022 08:48|||||Add_Mail_KP_Z3|||||||||lucilelpasbury9166@gmail.com|lucilepsasbury4344|lucileemasbury8923@toolmmo.pro|||||18/01/2022 17:26|||||Add_Mail_KP_Z3|||||||||brynnlpdefosset8294@gmail.com|brynnpsdefosset8096|brynnemdefosset9221@toolmmo.pro|||||14/01/2022 19:23|||||Add_Mail_KP_Z3|||||||||aprillphucks8563@gmail.com|aprilpshucks6890|aprilemhucks8222@toolmmo.pro|||||14/01/2022 20:13|||||Add_Mail_KP_Z3|||||||||estrellalpforsyth8964@gmail.com|estrellapsforsyth4738|estrellaemforsyth6449@toolmmo.pro|||||22/01/2022 07:42|||||Add_Mail_KP_Z3|||||||||charmainelpzwiebel8722@gmail.com|charmainepszwiebel2151|charmaineemzwiebel1141@toolmmo.pro|||||07/02/2022 06:18|||||Add_Mail_KP_Z3|||||||||sanjuanalpbillegas7229@gmail.com|sanjuanapsbillegas7327|sanjuanaembillegas9663@toolmmo.pro|||||22/01/2022 03:07|||||Add_Mail_KP_Z3|||||||||anglelpkolb2738@gmail.com|anglepskolb2115|angleemkolb8629@toolmmo.pro|||||26/01/2022 06:04|||||Add_Mail_KP_Z3|||||||||augustinelpchalupa4624@gmail.com|augustinepschalupa5910|augustineemchalupa6702@toolmmo.pro|||||07/02/2022 00:16|||||Add_Mail_KP_Z3|||||||||huilpwein1034@gmail.com|huipswein8422|huiemwein1712@toolmmo.pro|||||25/01/2022 03:30|||||Add_Mail_KP_Z3|||||||||neallpoltremari8676@gmail.com|nealpsoltremari8327|nealemoltremari6589@toolmmo.pro|||||27/01/2022 02:46|||||Add_Mail_KP_Z3|||||||||pilarlparvay4058@gmail.com|pilarpsarvay2401|pilaremarvay4457@toolmmo.pro|||||16/01/2022 12:20|||||Add_Mail_KP_Z3|||||||||irwinlptefertiller5195@gmail.com|irwinpstefertiller2286|irwinemtefertiller8521@toolmmo.pro|||||21/01/2022 11:12|||||Add_Mail_KP_Z3|||||||||earnestinelpponto6862@gmail.com|earnestinepsponto8263|earnestineemponto9779@toolmmo.pro|||||17/01/2022 05:41|||||Add_Mail_KP_Z3|||||||||rennalpdouvia6135@gmail.com|rennapsdouvia4427|rennaemdouvia3391@toolmmo.pro|||||25/01/2022 14:46|||||Add_Mail_KP_Z3|||||||||rhebalpdemyers3826@gmail.com|rhebapsdemyers3766|rhebaemdemyers1972@toolmmo.pro|||||18/01/2022 23:14|||||Add_Mail_KP_Z3|||||||||venuslppadron3641@gmail.com|venuspspadron1665|venusempadron2102@toolmmo.pro|||||21/01/2022 16:18|||||Add_Mail_KP_Z3|||||||||irislppritzel7829@gmail.com|irispspritzel5864|irisempritzel5291@toolmmo.pro|||||11/01/2022 14:47|||||Add_Mail_KP_Z3|||||||||darronlphanners6799@gmail.com|darronpshanners1409|darronemhanners3581@toolmmo.pro|||||11/01/2022 19:20|||||Add_Mail_KP_Z3|||||||||henriettelpemanuelson2036@gmail.com|henriettepsemanuelson4979|henrietteememanuelson1715@toolmmo.pro|||||12/02/2022 00:12|||||Add_Mail_KP_Z3|||||||||amiralpmccarn4138@gmail.com|amirapsmccarn5495|amiraemmccarn1973@toolmmo.pro|||||24/01/2022 00:13|||||Add_Mail_KP_Z3|||||||||marcoslpbittel1052@gmail.com|marcospsbittel7152|marcosembittel6920@toolmmo.pro|||||29/12/2021 12:04|||||Add_Mail_KP_Z3|||||||||irinalpvintimilla9115@gmail.com|irinapsvintimilla4594|irinaemvintimilla6878@toolmmo.pro|||||21/01/2022 22:52|||||Add_Mail_KP_Z3|||||||||silvanalpechenique8832@gmail.com|silvanapsechenique9389|silvanaemechenique1886@toolmmo.pro|||||16/01/2022 07:35|||||Add_Mail_KP_Z3|||||||||graiglptrotty4477@gmail.com|graigpstrotty8319|graigemtrotty3485@toolmmo.pro|||||26/01/2022 00:20|||||Add_Mail_KP_Z3|||||||||mauricelpmoskwa1975@gmail.com|mauricepsmoskwa7328|mauriceemmoskwa5968@toolmmo.pro|||||20/01/2022 15:25|||||Add_Mail_KP_Z3|||||||||patricklpsaulsbery9950@gmail.com|patrickpssaulsbery1987|patrickemsaulsbery8739@toolmmo.pro|||||25/01/2022 23:01|||||Add_Mail_KP_Z3|||||||||slyvialpprich4504@gmail.com|slyviapsprich4763|slyviaemprich1512@toolmmo.pro|||||23/01/2022 11:53|||||Add_Mail_KP_Z3|||||||||gillianlpscarnati2992@gmail.com|gillianpsscarnati7120|gillianemscarnati4498@toolmmo.pro|||||04/02/2022 16:36|||||Add_Mail_KP_Z3|||||||||bricelppleiss5230@gmail.com|bricepspleiss8520|briceempleiss1450@toolmmo.pro|||||10/01/2022 18:29|||||Add_Mail_KP_Z3|||||||||maryellenlpdaehn3556@gmail.com|maryellenpsdaehn7193|maryellenemdaehn1503@toolmmo.pro|||||02/01/2022 13:52|||||Add_Mail_KP_Z3|||||||||deanlplegette6709@gmail.com|deanpslegette7893|deanemlegette6429@toolmmo.pro|||||16/02/2022 09:35|||||Add_Mail_KP_Z3|||||||||jarrettlpschor6561@gmail.com|jarrettpsschor7278|jarrettemschor3266@toolmmo.pro|||||13/01/2022 09:09|||||Add_Mail_KP_Z3|||||||||dremalpgluth9114@gmail.com|dremapsgluth3388|dremaemgluth3272@toolmmo.pro|||||18/01/2022 16:10|||||Add_Mail_KP_Z3|||||||||nelidalpamundsen8685@gmail.com|nelidapsamundsen8211|nelidaemamundsen5556@toolmmo.pro|||||16/02/2022 18:43|||||Add_Mail_KP_Z3|||||||||daniellpseney4713@gmail.com|danielpsseney1741|danielemseney7267@toolmmo.pro|||||11/02/2022 03:40|||||Add_Mail_KP_Z3|||||||||michaellphamza7519@gmail.com|michaelpshamza3509|michaelemhamza1886@toolmmo.pro|||||21/01/2022 18:08|||||Add_Mail_KP_Z3|||||||||betseylpkara5641@gmail.com|betseypskara9808|betseyemkara7595@toolmmo.pro|||||07/02/2022 16:29|||||Add_Mail_KP_Z3|||||||||boklpvandoren5122@gmail.com|bokpsvandoren3676|bokemvandoren9145@toolmmo.pro|||||17/01/2022 09:06|||||Add_Mail_KP_Z3|||||||||jarrodlplamb9466@gmail.com|jarrodpslamb2701|jarrodemlamb3915@toolmmo.pro|||||21/01/2022 11:57|||||Add_Mail_KP_Z3|||||||||marlinelpbennerman8607@gmail.com|marlinepsbennerman1189|marlineembennerman9219@toolmmo.pro|||||19/01/2022 17:46|||||Add_Mail_KP_Z3|||||||||grisellpmurrow4914@gmail.com|griselpsmurrow8039|griselemmurrow2201@toolmmo.pro|||||06/02/2022 18:03|||||Add_Mail_KP_Z3|||||||||porterlprampadarat7829@gmail.com|porterpsrampadarat4522|porteremrampadarat7131@toolmmo.pro|||||12/01/2022 18:06|||||Add_Mail_KP_Z3|||||||||mollielpboney6790@gmail.com|molliepsboney5066|mollieemboney9614@toolmmo.pro|||||05/01/2022 22:42|||||Add_Mail_KP_Z3|||||||||septemberlpcutchall9840@gmail.com|septemberpscutchall7245|septemberemcutchall6614@toolmmo.pro|||||08/01/2022 20:57|||||Add_Mail_KP_Z3|||||||||lelpwig1230@gmail.com|lepswig1177|leemwig9110@toolmmo.pro|||||10/02/2022 12:01|||||Add_Mail_KP_Z3|||||||||vallpcaple6603@gmail.com|valpscaple4319|valemcaple2684@toolmmo.pro|||||10/02/2022 06:18|||||Add_Mail_KP_Z3|||||||||vedalpmerkey7632@gmail.com|vedapsmerkey8404|vedaemmerkey8831@toolmmo.pro|||||23/01/2022 03:49|||||Add_Mail_KP_Z3|||||||||saranlpboots8130@gmail.com|saranpsboots6579|saranemboots2646@toolmmo.pro|||||24/01/2022 22:09|||||Add_Mail_KP_Z3|||||||||bernettalptolzmann9207@gmail.com|bernettapstolzmann4882|bernettaemtolzmann9732@toolmmo.pro|||||07/02/2022 16:40|||||Add_Mail_KP_Z3|||||||||stephanylpbrozie4679@gmail.com|stephanypsbrozie2712|stephanyembrozie8265@toolmmo.pro|||||19/01/2022 12:34|||||Add_Mail_KP_Z3|||||||||tamicalpbongiardina7591@gmail.com|tamicapsbongiardina1438|tamicaembongiardina4500@toolmmo.pro|||||08/01/2022 12:01|||||Add_Mail_KP_Z3|||||||||cameronlpdehass2327@gmail.com|cameronpsdehass5929|cameronemdehass6560@toolmmo.pro|||||02/02/2022 05:42|||||Add_Mail_KP_Z3|||||||||louiselpguynes9884@gmail.com|louisepsguynes4708|louiseemguynes6241@toolmmo.pro|||||23/01/2022 21:54|||||Add_Mail_KP_Z3|||||||||chinglpalexopoulos8261@gmail.com|chingpsalexopoulos8090|chingemalexopoulos5569@toolmmo.pro|||||10/02/2022 01:52|||||Add_Mail_KP_Z3|||||||||anglalpdastrup2289@gmail.com|anglapsdastrup1906|anglaemdastrup2044@toolmmo.pro|||||07/02/2022 12:27|||||Add_Mail_KP_Z3|||||||||alycelpkamer2033@gmail.com|alycepskamer3355|alyceemkamer6282@toolmmo.pro|||||01/02/2022 13:42|||||Add_Mail_KP_Z3|||||||||ernielpmortimer6959@gmail.com|erniepsmortimer2883|ernieemmortimer9307@toolmmo.pro|||||22/01/2022 23:33|||||Add_Mail_KP_Z3|||||||||margolpfarag7653@gmail.com|margopsfarag5993|margoemfarag8903@toolmmo.pro|||||02/02/2022 22:53|||||Add_Mail_KP_Z3|||||||||adriannelpsittner1563@gmail.com|adriannepssittner5641|adrianneemsittner4202@toolmmo.pro|||||21/01/2022 18:55|||||Add_Mail_KP_Z3|||||||||eugenelpjusko2244@gmail.com|eugenepsjusko6931|eugeneemjusko4546@toolmmo.pro|||||10/02/2022 04:44|||||Add_Mail_KP_Z3|||||||||cleolpblakeway6359@gmail.com|cleopsblakeway7025|cleoemblakeway4618@toolmmo.pro|||||24/01/2022 14:09|||||Add_Mail_KP_Z3|||||||||marcellpgully8600@gmail.com|marcelpsgully4548|marcelemgully9543@toolmmo.pro|||||13/01/2022 11:14|||||Add_Mail_KP_Z3|||||||||caseylpclokey1768@gmail.com|caseypsclokey5979|caseyemclokey6497@toolmmo.pro|||||01/02/2022 20:16|||||Add_Mail_KP_Z3|||||||||kirbylpwelch6078@gmail.com|kirbypswelch3731|kirbyemwelch1633@toolmmo.pro|||||23/01/2022 00:05|||||Add_Mail_KP_Z3|||||||||dorianlpschaetzle3927@gmail.com|dorianpsschaetzle8309|dorianemschaetzle3342@toolmmo.pro|||||03/02/2022 22:09|||||Add_Mail_KP_Z3|||||||||arlenelpstubler3118@gmail.com|arlenepsstubler9500|arleneemstubler4880@toolmmo.pro|||||22/01/2022 12:44|||||Add_Mail_KP_Z3|||||||||anlpboggan7704@gmail.com|anpsboggan2376|anemboggan5758@toolmmo.pro|||||20/01/2022 18:07|||||Add_Mail_KP_Z3|||||||||nicholelpoertle6478@gmail.com|nicholepsoertle2362|nicholeemoertle1412@toolmmo.pro|||||08/02/2022 04:52|||||Add_Mail_KP_Z3|||||||||aimeelpdearment9625@gmail.com|aimeepsdearment9631|aimeeemdearment2182@toolmmo.pro|||||10/01/2022 07:28|||||Add_Mail_KP_Z3|||||||||bethannlpmulhollen1644@gmail.com|bethannpsmulhollen6238|bethannemmulhollen2164@toolmmo.pro|||||01/02/2022 04:45|||||Add_Mail_KP_Z3|||||||||sharikalpkarls1682@gmail.com|sharikapskarls2663|sharikaemkarls7318@toolmmo.pro|||||23/01/2022 09:22|||||Add_Mail_KP_Z3|||||||||bradlylpyip7096@gmail.com|bradlypsyip1057|bradlyemyip5317@toolmmo.pro|||||10/02/2022 16:41|||||Add_Mail_KP_Z3|||||||||lemuellpsmolenski3337@gmail.com|lemuelpssmolenski8251|lemuelemsmolenski7126@toolmmo.pro|||||19/01/2022 10:27|||||Add_Mail_KP_Z3|||||||||xochitllphedeen5457@gmail.com|xochitlpshedeen9415|xochitlemhedeen5254@toolmmo.pro|||||28/12/2021 20:17|||||Add_Mail_KP_Z3|||||||||augustinelpnylen2944@gmail.com|augustinepsnylen2372|augustineemnylen6396@toolmmo.pro|||||31/01/2022 00:28|||||Add_Mail_KP_Z3|||||||||lonnylplendon1291@gmail.com|lonnypslendon4283|lonnyemlendon2808@toolmmo.pro|||||31/01/2022 20:10|||||Add_Mail_KP_Z3|||||||||teishalpgodines5667@gmail.com|teishapsgodines3398|teishaemgodines9939@toolmmo.pro|||||31/12/2021 15:25|||||Add_Mail_KP_Z3|||||||||hanglpnavarrate5429@gmail.com|hangpsnavarrate1935|hangemnavarrate6009@toolmmo.pro|||||11/02/2022 10:14|||||Add_Mail_KP_Z3|||||||||vedalpfirestone6748@gmail.com|vedapsfirestone4427|vedaemfirestone9324@toolmmo.pro|||||31/12/2021 17:36|||||Add_Mail_KP_Z3|||||||||sondralpmasso3310@gmail.com|sondrapsmasso5451|sondraemmasso3280@toolmmo.pro|||||23/01/2022 10:30|||||Add_Mail_KP_Z3|||||||||chaselpsprinzl6696@gmail.com|chasepssprinzl3466|chaseemsprinzl2346@toolmmo.pro|||||01/02/2022 09:10|||||Add_Mail_KP_Z3|||||||||darrenlplivshits6017@gmail.com|darrenpslivshits2053|darrenemlivshits6949@toolmmo.pro|||||26/01/2022 23:10|||||Add_Mail_KP_Z3|||||||||revalpchesterman3709@gmail.com|revapschesterman6862|revaemchesterman8071@toolmmo.pro|||||02/02/2022 00:16|||||Add_Mail_KP_Z3|||||||||hughlptorry7147@gmail.com|hughpstorry5542|hughemtorry3725@toolmmo.pro|||||21/01/2022 01:47|||||Add_Mail_KP_Z3|||||||||loreleilppintos6271@gmail.com|loreleipspintos9958|loreleiempintos9112@toolmmo.pro|||||20/01/2022 03:27|||||Add_Mail_KP_Z3|||||||||marglpthuman9218@gmail.com|margpsthuman2572|margemthuman7820@toolmmo.pro|||||15/01/2022 07:53|||||Add_Mail_KP_Z3|||||||||shilalpoverton5197@gmail.com|shilapsoverton5724|shilaemoverton8979@toolmmo.pro|||||25/01/2022 19:26|||||Add_Mail_KP_Z3|||||||||doreenlpstolle2806@gmail.com|doreenpsstolle5586|doreenemstolle7730@toolmmo.pro|||||06/02/2022 16:59|||||Add_Mail_KP_Z3|||||||||taralpalvis8211@gmail.com|tarapsalvis5138|taraemalvis5024@toolmmo.pro|||||18/01/2022 23:26|||||Add_Mail_KP_Z3|||||||||jameslpmayhugh6619@gmail.com|jamespsmayhugh7417|jamesemmayhugh3430@toolmmo.pro|||||25/01/2022 15:36|||||Add_Mail_KP_Z3|||||||||jeffreylpdansbury2930@gmail.com|jeffreypsdansbury1271|jeffreyemdansbury7330@toolmmo.pro|||||19/01/2022 21:49|||||Add_Mail_KP_Z3|||||||||rollandlpvarrato7884@gmail.com|rollandpsvarrato2255|rollandemvarrato8381@toolmmo.pro|||||13/01/2022 00:31|||||Add_Mail_KP_Z3|||||||||tamalpgreynolds1395@gmail.com|tamapsgreynolds4523|tamaemgreynolds4477@toolmmo.pro|||||31/01/2022 11:46|||||Add_Mail_KP_Z3|||||||||florenciolppevy6796@gmail.com|florenciopspevy5570|florencioempevy4529@toolmmo.pro|||||15/01/2022 08:08|||||Add_Mail_KP_Z3|||||||||allenlpbuhmann7326@gmail.com|allenpsbuhmann1475|allenembuhmann9208@toolmmo.pro|||||26/01/2022 14:05|||||Add_Mail_KP_Z3|||||||||rhettlplapusnak1177@gmail.com|rhettpslapusnak9827|rhettemlapusnak6092@toolmmo.pro|||||22/01/2022 11:11|||||Add_Mail_KP_Z3|||||||||shondralpburritt3659@gmail.com|shondrapsburritt3140|shondraemburritt7991@toolmmo.pro|||||01/01/2022 07:12|||||Add_Mail_KP_Z3|||||||||noemilpdelbo9413@gmail.com|noemipsdelbo2401|noemiemdelbo3009@toolmmo.pro|||||18/01/2022 10:43|||||Add_Mail_KP_Z3|||||||||marilynnlpsalwasser4200@gmail.com|marilynnpssalwasser6059|marilynnemsalwasser1966@toolmmo.pro|||||16/02/2022 05:37|||||Add_Mail_KP_Z3|||||||||lunalpglenn6881@gmail.com|lunapsglenn6408|lunaemglenn3254@toolmmo.pro|||||13/01/2022 22:32|||||Add_Mail_KP_Z3|||||||||poklpalaimo5951@gmail.com|pokpsalaimo9541|pokemalaimo5542@toolmmo.pro|||||13/01/2022 09:20|||||Add_Mail_KP_Z3|||||||||ernestlppicht9217@gmail.com|ernestpspicht6708|ernestempicht3584@toolmmo.pro|||||13/01/2022 06:37|||||Add_Mail_KP_Z3|||||||||shannanlplaudat8437@gmail.com|shannanpslaudat7556|shannanemlaudat6344@toolmmo.pro|||||11/01/2022 06:48|||||Add_Mail_KP_Z3|||||||||timmylpharriston2523@gmail.com|timmypsharriston5738|timmyemharriston9671@toolmmo.pro|||||30/12/2021 16:09|||||Add_Mail_KP_Z3|||||||||blainelpmarca5143@gmail.com|blainepsmarca5816|blaineemmarca8343@toolmmo.pro|||||11/01/2022 23:10|||||Add_Mail_KP_Z3|||||||||catherynlpbequette4419@gmail.com|catherynpsbequette5136|catherynembequette4395@toolmmo.pro|||||04/01/2022 06:28|||||Add_Mail_KP_Z3|||||||||rochelllpdesiyatnikov6228@gmail.com|rochellpsdesiyatnikov4371|rochellemdesiyatnikov7925@toolmmo.pro|||||23/01/2022 01:38|||||Add_Mail_KP_Z3|||||||||alethialpcloonan4892@gmail.com|alethiapscloonan8654|alethiaemcloonan8761@toolmmo.pro|||||31/12/2021 22:25|||||Add_Mail_KP_Z3|||||||||brigittelpstanway8170@gmail.com|brigittepsstanway3835|brigitteemstanway5803@toolmmo.pro|||||24/01/2022 06:38|||||Add_Mail_KP_Z3|||||||||elianalphanley3891@gmail.com|elianapshanley2562|elianaemhanley6696@toolmmo.pro|||||17/01/2022 09:55|||||Add_Mail_KP_Z3|||||||||devonlpshepperdson7028@gmail.com|devonpsshepperdson2506|devonemshepperdson3848@toolmmo.pro|||||16/02/2022 01:04|||||Add_Mail_KP_Z3|||||||||suzannelpeclarinal5741@gmail.com|suzannepseclarinal3458|suzanneemeclarinal7812@toolmmo.pro|||||23/01/2022 01:03|||||Add_Mail_KP_Z3|||||||||cecilylpdouet1112@gmail.com|cecilypsdouet5893|cecilyemdouet3216@toolmmo.pro|||||01/01/2022 07:46|||||Add_Mail_KP_Z3|||||||||parthenialppetruzzi6245@gmail.com|partheniapspetruzzi1557|partheniaempetruzzi5059@toolmmo.pro|||||31/12/2021 22:57|||||Add_Mail_KP_Z3|||||||||antoniettalpjulitz9253@gmail.com|antoniettapsjulitz8310|antoniettaemjulitz7858@toolmmo.pro|||||04/02/2022 08:21|||||Add_Mail_KP_Z3|||||||||brandelphample2236@gmail.com|brandepshample3581|brandeemhample1248@toolmmo.pro|||||08/02/2022 14:58|||||Add_Mail_KP_Z3|||||||||lorenlpllarenas5965@gmail.com|lorenpsllarenas6481|lorenemllarenas2348@toolmmo.pro|||||23/01/2022 03:19|||||Add_Mail_KP_Z3|||||||||sylvialpappleman8097@gmail.com|sylviapsappleman6237|sylviaemappleman6593@toolmmo.pro|||||29/12/2021 21:40|||||Add_Mail_KP_Z3|||||||||lennalplapete4282@gmail.com|lennapslapete6176|lennaemlapete3662@toolmmo.pro|||||09/01/2022 21:01|||||Add_Mail_KP_Z3|||||||||tomaslpdequattro4190@gmail.com|tomaspsdequattro9479|tomasemdequattro5433@toolmmo.pro|||||02/02/2022 03:14|||||Add_Mail_KP_Z3|||||||||charlesettalprumpel9404@gmail.com|charlesettapsrumpel4685|charlesettaemrumpel6093@toolmmo.pro|||||07/02/2022 11:23|||||Add_Mail_KP_Z3|||||||||clintlpanfinson8464@gmail.com|clintpsanfinson4911|clintemanfinson1329@toolmmo.pro|||||02/01/2022 03:52|||||Add_Mail_KP_Z3|||||||||alonsolpzurasky6313@gmail.com|alonsopszurasky4983|alonsoemzurasky3880@toolmmo.pro|||||31/12/2021 12:48|||||Add_Mail_KP_Z3|||||||||sharanlppacek6802@gmail.com|sharanpspacek5149|sharanempacek9050@toolmmo.pro|||||30/12/2021 20:06|||||Add_Mail_KP_Z3|||||||||numberslpnimon5197@gmail.com|numberspsnimon2527|numbersemnimon4106@toolmmo.pro|||||28/12/2021 22:13|||||Add_Mail_KP_Z3|||||||||annmarielpbumpus9477@gmail.com|annmariepsbumpus7311|annmarieembumpus6157@toolmmo.pro|||||14/01/2022 21:25|||||Add_Mail_KP_Z3|||||||||eleonorlpserie2696@gmail.com|eleonorpsserie6657|eleonoremserie3309@toolmmo.pro|||||30/12/2021 23:34|||||Add_Mail_KP_Z3|||||||||nevadalpoliven6276@gmail.com|nevadapsoliven7222|nevadaemoliven3521@toolmmo.pro|||||19/01/2022 17:52|||||Add_Mail_KP_Z3|||||||||lincolnlpapplewhaite9477@gmail.com|lincolnpsapplewhaite8148|lincolnemapplewhaite4450@toolmmo.pro|||||11/01/2022 03:12|||||Add_Mail_KP_Z3|||||||||shastalpkoen5743@gmail.com|shastapskoen2648|shastaemkoen2150@toolmmo.pro|||||07/02/2022 21:17|||||Add_Mail_KP_Z3|||||||||alexanderlpcallejo3434@gmail.com|alexanderpscallejo7738|alexanderemcallejo2967@toolmmo.pro|||||28/01/2022 12:23|||||Add_Mail_KP_Z3|||||||||mabellelpflinchum8183@gmail.com|mabellepsflinchum2651|mabelleemflinchum5179@toolmmo.pro|||||10/01/2022 16:26|||||Add_Mail_KP_Z3|||||||||shondalpgyurko4228@gmail.com|shondapsgyurko6421|shondaemgyurko6280@toolmmo.pro|||||25/01/2022 01:17|||||Add_Mail_KP_Z3|||||||||lavernelpbuttram8855@gmail.com|lavernepsbuttram6503|laverneembuttram9682@toolmmo.pro|||||14/01/2022 03:02|||||Add_Mail_KP_Z3|||||||||florentinolpalvorez6469@gmail.com|florentinopsalvorez6956|florentinoemalvorez2550@toolmmo.pro|||||10/01/2022 22:48|||||Add_Mail_KP_Z3|||||||||denislpmentel7381@gmail.com|denispsmentel5573|denisemmentel1052@toolmmo.pro|||||07/02/2022 05:41|||||Add_Mail_KP_Z3|||||||||ilselpvanniello4046@gmail.com|ilsepsvanniello9444|ilseemvanniello8863@toolmmo.pro|||||04/02/2022 17:12|||||Add_Mail_KP_Z3|||||||||wilsonlpgalinski3104@gmail.com|wilsonpsgalinski2054|wilsonemgalinski2054@toolmmo.pro|||||14/01/2022 13:18|||||Add_Mail_KP_Z3|||||||||sherrillplater7476@gmail.com|sherrilpslater8994|sherrilemlater2280@toolmmo.pro|||||21/01/2022 17:18|||||Add_Mail_KP_Z3|||||||||elnalprosiles6050@gmail.com|elnapsrosiles2159|elnaemrosiles5429@toolmmo.pro|||||23/01/2022 16:00|||||Add_Mail_KP_Z3|||||||||rolandelpsippel5376@gmail.com|rolandepssippel8657|rolandeemsippel5628@toolmmo.pro|||||01/02/2022 19:14|||||Add_Mail_KP_Z3|||||||||minlprepinski5241@gmail.com|minpsrepinski2233|minemrepinski9293@toolmmo.pro|||||15/02/2022 18:12|||||Add_Mail_KP_Z3|||||||||libertylpkilborne1545@gmail.com|libertypskilborne3113|libertyemkilborne3558@toolmmo.pro|||||09/02/2022 10:58|||||Add_Mail_KP_Z3|||||||||dwanalprampley7032@gmail.com|dwanapsrampley9785|dwanaemrampley6347@toolmmo.pro|||||23/01/2022 06:53|||||Add_Mail_KP_Z3|||||||||boklpperelman8562@gmail.com|bokpsperelman2053|bokemperelman1140@toolmmo.pro|||||09/02/2022 17:40|||||Add_Mail_KP_Z3|||||||||necolelpmcmurry5501@gmail.com|necolepsmcmurry9326|necoleemmcmurry6337@toolmmo.pro|||||07/01/2022 10:43|||||Add_Mail_KP_Z3|||||||||juniorlpcate4699@gmail.com|juniorpscate5634|junioremcate4200@toolmmo.pro|||||21/01/2022 19:13|||||Add_Mail_KP_Z3|||||||||sonialpdemaria8869@gmail.com|soniapsdemaria5180|soniaemdemaria1886@toolmmo.pro|||||11/02/2022 07:05|||||Add_Mail_KP_Z3|||||||||marishalpbrunelli1889@gmail.com|marishapsbrunelli1854|marishaembrunelli3482@toolmmo.pro|||||03/01/2022 22:42|||||Add_Mail_KP_Z3|||||||||willielpalvarenga7884@gmail.com|williepsalvarenga5332|willieemalvarenga5494@toolmmo.pro|||||20/01/2022 05:22|||||Add_Mail_KP_Z3|||||||||misslpsumas6565@gmail.com|misspssumas3426|missemsumas4855@toolmmo.pro|||||10/01/2022 21:44|||||Add_Mail_KP_Z3|||||||||rileylpjerrell5129@gmail.com|rileypsjerrell9992|rileyemjerrell6540@toolmmo.pro|||||01/01/2022 07:19|||||Add_Mail_KP_Z3|||||||||elmalpvalenziano1770@gmail.com|elmapsvalenziano1704|elmaemvalenziano8433@toolmmo.pro|||||06/02/2022 19:14|||||Add_Mail_KP_Z3|||||||||marylinlpshrum7790@gmail.com|marylinpsshrum9408|marylinemshrum2539@toolmmo.pro|||||08/02/2022 10:46|||||Add_Mail_KP_Z3|||||||||mohammedlpseroka6301@gmail.com|mohammedpsseroka9986|mohammedemseroka7474@toolmmo.pro|||||15/02/2022 11:26|||||Add_Mail_KP_Z3|||||||||cherrilpcatts2485@gmail.com|cherripscatts6037|cherriemcatts1686@toolmmo.pro|||||23/01/2022 18:28|||||Add_Mail_KP_Z3|||||||||maryroselpdecambra8825@gmail.com|maryrosepsdecambra6451|maryroseemdecambra4973@toolmmo.pro|||||31/01/2022 10:05|||||Add_Mail_KP_Z3|||||||||dulcelpmccombs1173@gmail.com|dulcepsmccombs8554|dulceemmccombs6192@toolmmo.pro|||||15/01/2022 01:34|||||Add_Mail_KP_Z3|||||||||christianlpantrim2851@gmail.com|christianpsantrim2033|christianemantrim3886@toolmmo.pro|||||19/01/2022 09:56|||||Add_Mail_KP_Z3|||||||||mahalialpdesena1752@gmail.com|mahaliapsdesena3720|mahaliaemdesena7394@toolmmo.pro|||||19/01/2022 08:23|||||Add_Mail_KP_Z3|||||||||orvillelpmootz9920@gmail.com|orvillepsmootz5326|orvilleemmootz8488@toolmmo.pro|||||23/01/2022 09:04|||||Add_Mail_KP_Z3|||||||||rubinlpackley3983@gmail.com|rubinpsackley5563|rubinemackley8489@toolmmo.pro|||||30/12/2021 13:20|||||Add_Mail_KP_Z3|||||||||shonlpkay8181@gmail.com|shonpskay5544|shonemkay8215@toolmmo.pro|||||23/01/2022 10:44|||||Add_Mail_KP_Z3|||||||||dominiquelpclukies2454@gmail.com|dominiquepsclukies2828|dominiqueemclukies2465@toolmmo.pro|||||28/12/2021 18:58|||||Add_Mail_KP_Z3|||||||||sharondalpvillafane8736@gmail.com|sharondapsvillafane8116|sharondaemvillafane1606@toolmmo.pro|||||15/01/2022 11:36|||||Add_Mail_KP_Z3|||||||||gwendolynlpmcinroy2249@gmail.com|gwendolynpsmcinroy1801|gwendolynemmcinroy8802@toolmmo.pro|||||09/02/2022 21:14|||||Add_Mail_KP_Z3|||||||||clotildelpguarnera9106@gmail.com|clotildepsguarnera1147|clotildeemguarnera1456@toolmmo.pro|||||10/01/2022 17:20|||||Add_Mail_KP_Z3|||||||||aricalpkadish3376@gmail.com|aricapskadish6635|aricaemkadish9696@toolmmo.pro|||||01/02/2022 02:45|||||Add_Mail_KP_Z3|||||||||mohammadlpfehrman3740@gmail.com|mohammadpsfehrman1105|mohammademfehrman3975@toolmmo.pro|||||19/01/2022 22:54|||||Add_Mail_KP_Z3|||||||||veronikalpdigiacinto4034@gmail.com|veronikapsdigiacinto9048|veronikaemdigiacinto8877@toolmmo.pro|||||05/01/2022 07:56|||||Add_Mail_KP_Z3|||||||||ignaciolpurquilla4952@gmail.com|ignaciopsurquilla3987|ignacioemurquilla3637@toolmmo.pro|||||02/02/2022 00:23|||||Add_Mail_KP_Z3|||||||||johnsielpalbertson8261@gmail.com|johnsiepsalbertson1852|johnsieemalbertson9100@toolmmo.pro|||||12/01/2022 01:05|||||Add_Mail_KP_Z3|||||||||henriettalpsaylee6139@gmail.com|henriettapssaylee7313|henriettaemsaylee5008@toolmmo.pro|||||30/12/2021 23:56|||||Add_Mail_KP_Z3|||||||||randallpchatelain1331@gmail.com|randalpschatelain4816|randalemchatelain7872@toolmmo.pro|||||19/01/2022 03:01|||||Add_Mail_KP_Z3|||||||||lorindalphammons1023@gmail.com|lorindapshammons9411|lorindaemhammons4347@toolmmo.pro|||||21/01/2022 20:37|||||Add_Mail_KP_Z3|||||||||jerricalpzazozdor4635@gmail.com|jerricapszazozdor7714|jerricaemzazozdor8356@toolmmo.pro|||||15/01/2022 17:15|||||Add_Mail_KP_Z3|||||||||colbylptrusillo9380@gmail.com|colbypstrusillo7108|colbyemtrusillo4907@toolmmo.pro|||||20/01/2022 13:05|||||Add_Mail_KP_Z3|||||||||berrylpburchfield3529@gmail.com|berrypsburchfield2107|berryemburchfield3498@toolmmo.pro|||||31/01/2022 12:12|||||Add_Mail_KP_Z3|||||||||sharilpkrisman8147@gmail.com|sharipskrisman9973|shariemkrisman9947@toolmmo.pro|||||31/01/2022 08:06|||||Add_Mail_KP_Z3|||||||||marlenlpbasil6546@gmail.com|marlenpsbasil3548|marlenembasil9632@toolmmo.pro|||||10/02/2022 10:22|||||Add_Mail_KP_Z3|||||||||myrtalplueders1654@gmail.com|myrtapslueders7416|myrtaemlueders6716@toolmmo.pro|||||06/02/2022 22:31|||||Add_Mail_KP_Z3|||||||||marylouiselpearnhart5009@gmail.com|marylouisepsearnhart7403|marylouiseemearnhart7083@toolmmo.pro|||||05/01/2022 23:25|||||Add_Mail_KP_Z3|||||||||maelpbordon4146@gmail.com|maepsbordon5933|maeembordon1110@toolmmo.pro|||||06/02/2022 19:15|||||Add_Mail_KP_Z3|||||||||ledalptexidor1619@gmail.com|ledapstexidor7682|ledaemtexidor6462@toolmmo.pro|||||11/02/2022 00:29|||||Add_Mail_KP_Z3|||||||||jamelpcelaya4637@gmail.com|jamepscelaya6304|jameemcelaya1423@toolmmo.pro|||||12/01/2022 08:57|||||Add_Mail_KP_Z3|||||||||shermanlpskowronek8551@gmail.com|shermanpsskowronek6476|shermanemskowronek9400@toolmmo.pro|||||17/01/2022 10:41|||||Add_Mail_KP_Z3|||||||||mohammadlpmesler2980@gmail.com|mohammadpsmesler5856|mohammademmesler5561@toolmmo.pro|||||31/12/2021 19:03|||||Add_Mail_KP_Z3|||||||||chialpchecketts9001@gmail.com|chiapschecketts3200|chiaemchecketts3398@toolmmo.pro|||||02/01/2022 06:34|||||Add_Mail_KP_Z3|||||||||hilmalpdegelbeck5041@gmail.com|hilmapsdegelbeck2302|hilmaemdegelbeck9856@toolmmo.pro|||||02/01/2022 21:13|||||Add_Mail_KP_Z3|||||||||hanlpgribbin6692@gmail.com|hanpsgribbin3579|hanemgribbin9566@toolmmo.pro|||||10/02/2022 20:37|||||Add_Mail_KP_Z3|||||||||fabianlpbrensnan2063@gmail.com|fabianpsbrensnan7083|fabianembrensnan7753@toolmmo.pro|||||08/01/2022 03:04|||||Add_Mail_KP_Z3|||||||||florentinolpprater4998@gmail.com|florentinopsprater3748|florentinoemprater8324@toolmmo.pro|||||08/02/2022 15:23|||||Add_Mail_KP_Z3|||||||||renaylpkulow4296@gmail.com|renaypskulow7382|renayemkulow1847@toolmmo.pro|||||13/01/2022 07:39|||||Add_Mail_KP_Z3|||||||||lenardlpbushard8327@gmail.com|lenardpsbushard5742|lenardembushard5741@toolmmo.pro|||||07/02/2022 07:31|||||Add_Mail_KP_Z3|||||||||trinidadlpfennewald1994@gmail.com|trinidadpsfennewald2781|trinidademfennewald4919@toolmmo.pro|||||17/01/2022 23:49|||||Add_Mail_KP_Z3|||||||||lorenelphibbetts5206@gmail.com|lorenepshibbetts3955|loreneemhibbetts2132@toolmmo.pro|||||10/01/2022 17:23|||||Add_Mail_KP_Z3|||||||||janaelpkitanik3190@gmail.com|janaepskitanik9403|janaeemkitanik1926@toolmmo.pro|||||10/02/2022 11:43|||||Add_Mail_KP_Z3|||||||||jacqueslplabovitch9071@gmail.com|jacquespslabovitch8754|jacquesemlabovitch4339@toolmmo.pro|||||26/01/2022 11:43|||||Add_Mail_KP_Z3|||||||||alicialploraine2551@gmail.com|aliciapsloraine2543|aliciaemloraine8157@toolmmo.pro|||||10/02/2022 18:22|||||Add_Mail_KP_Z3|||||||||cortneylpmancill7840@gmail.com|cortneypsmancill5666|cortneyemmancill8533@toolmmo.pro|||||10/01/2022 04:59|||||Add_Mail_KP_Z3|||||||||murraylpcordeiro4359@gmail.com|murraypscordeiro2567|murrayemcordeiro9990@toolmmo.pro|||||02/02/2022 06:52|||||Add_Mail_KP_Z3|||||||||jasonlpoyler7032@gmail.com|jasonpsoyler5364|jasonemoyler1503@toolmmo.pro|||||18/01/2022 10:51|||||Add_Mail_KP_Z3|||||||||paullpdanser7287@gmail.com|paulpsdanser9466|paulemdanser1558@toolmmo.pro|||||06/01/2022 09:49|||||Add_Mail_KP_Z3|||||||||cynthialptopliffe5604@gmail.com|cynthiapstopliffe6881|cynthiaemtopliffe2332@toolmmo.pro|||||10/01/2022 07:09|||||Add_Mail_KP_Z3|||||||||vicentalpmorandi3291@gmail.com|vicentapsmorandi1088|vicentaemmorandi2395@toolmmo.pro|||||01/02/2022 21:02|||||Add_Mail_KP_Z3|||||||||phylislpburrichter3456@gmail.com|phylispsburrichter1265|phylisemburrichter6060@toolmmo.pro|||||16/01/2022 21:12|||||Add_Mail_KP_Z3|||||||||langlpcowdery7277@gmail.com|langpscowdery9732|langemcowdery3206@toolmmo.pro|||||01/02/2022 23:49|||||Add_Mail_KP_Z3|||||||||ariannelpboldul1901@gmail.com|ariannepsboldul7916|arianneemboldul2045@toolmmo.pro|||||23/01/2022 03:57|||||Add_Mail_KP_Z3|||||||||lizabethlpchevis8844@gmail.com|lizabethpschevis3613|lizabethemchevis7686@toolmmo.pro|||||08/02/2022 20:48|||||Add_Mail_KP_Z3|||||||||reginialpnuno4859@gmail.com|reginiapsnuno7814|reginiaemnuno3961@toolmmo.pro|||||19/01/2022 08:28|||||Add_Mail_KP_Z3|||||||||nakitalpfite5666@gmail.com|nakitapsfite9224|nakitaemfite2708@toolmmo.pro|||||30/12/2021 14:50|||||Add_Mail_KP_Z3|||||||||harrietlpscullion3702@gmail.com|harrietpsscullion9208|harrietemscullion3354@toolmmo.pro|||||11/02/2022 16:23|||||Add_Mail_KP_Z3|||||||||lorindalpvollmers8627@gmail.com|lorindapsvollmers3005|lorindaemvollmers5508@toolmmo.pro|||||23/01/2022 15:10|||||Add_Mail_KP_Z3|||||||||candicelpkepp7025@gmail.com|candicepskepp1817|candiceemkepp3543@toolmmo.pro|||||21/01/2022 10:52|||||Add_Mail_KP_Z3|||||||||carlottalpcestero8999@gmail.com|carlottapscestero5306|carlottaemcestero2123@toolmmo.pro|||||02/01/2022 04:17|||||Add_Mail_KP_Z3|||||||||penelopelpbrubaker5075@gmail.com|penelopepsbrubaker4741|penelopeembrubaker9101@toolmmo.pro|||||12/01/2022 05:15|||||Add_Mail_KP_Z3|||||||||jacqulynlpbladt3271@gmail.com|jacqulynpsbladt3792|jacqulynembladt6600@toolmmo.pro|||||14/01/2022 14:56|||||Add_Mail_KP_Z3|||||||||mikilpkilroy2017@gmail.com|mikipskilroy3919|mikiemkilroy6989@toolmmo.pro|||||04/01/2022 21:09|||||Add_Mail_KP_Z3|||||||||ivylpsipple2218@gmail.com|ivypssipple3855|ivyemsipple4135@toolmmo.pro|||||13/01/2022 18:07|||||Add_Mail_KP_Z3|||||||||syblelpknuteson3403@gmail.com|syblepsknuteson5982|sybleemknuteson2652@toolmmo.pro|||||15/02/2022 15:53|||||Add_Mail_KP_Z3|||||||||evelynelphodrick6629@gmail.com|evelynepshodrick3324|evelyneemhodrick9886@toolmmo.pro|||||15/02/2022 12:24|||||Add_Mail_KP_Z3|||||||||josuelpmctee7302@gmail.com|josuepsmctee8080|josueemmctee1898@toolmmo.pro|||||20/01/2022 03:54|||||Add_Mail_KP_Z3|||||||||nickilpramento6699@gmail.com|nickipsramento2852|nickiemramento8682@toolmmo.pro|||||17/01/2022 09:08|||||Add_Mail_KP_Z3|||||||||akilahlpfripp1630@gmail.com|akilahpsfripp1383|akilahemfripp7213@toolmmo.pro|||||30/12/2021 22:52|||||Add_Mail_KP_Z3|||||||||daisylpesses7069@gmail.com|daisypsesses2594|daisyemesses2730@toolmmo.pro|||||29/12/2021 12:27|||||Add_Mail_KP_Z3|||||||||domingalpparlee1878@gmail.com|domingapsparlee7081|domingaemparlee8175@toolmmo.pro|||||23/01/2022 01:17|||||Add_Mail_KP_Z3|||||||||nobukolpbohrn6966@gmail.com|nobukopsbohrn1182|nobukoembohrn1639@toolmmo.pro|||||01/01/2022 05:39|||||Add_Mail_KP_Z3|||||||||rigobertolphood8728@gmail.com|rigobertopshood9135|rigobertoemhood9798@toolmmo.pro|||||30/01/2022 23:01|||||Add_Mail_KP_Z3|||||||||jamilpharari7896@gmail.com|jamipsharari1263|jamiemharari5757@toolmmo.pro|||||02/02/2022 09:51|||||Add_Mail_KP_Z3|||||||||echolpresenz4500@gmail.com|echopsresenz8227|echoemresenz2481@toolmmo.pro|||||10/02/2022 11:43|||||Add_Mail_KP_Z3|||||||||jodielpdelgadillo4301@gmail.com|jodiepsdelgadillo5657|jodieemdelgadillo8216@toolmmo.pro|||||23/01/2022 17:19|||||Add_Mail_KP_Z3|||||||||kelleylpleever4456@gmail.com|kelleypsleever5158|kelleyemleever4921@toolmmo.pro|||||08/02/2022 00:54|||||Add_Mail_KP_Z3|||||||||leralpgomillion4924@gmail.com|lerapsgomillion2076|leraemgomillion2988@toolmmo.pro|||||07/02/2022 11:39|||||Add_Mail_KP_Z3|||||||||shandralpfrydman3413@gmail.com|shandrapsfrydman5136|shandraemfrydman3484@toolmmo.pro|||||10/02/2022 22:15|||||Add_Mail_KP_Z3|||||||||rollandlpgammage3481@gmail.com|rollandpsgammage4840|rollandemgammage2426@toolmmo.pro|||||30/01/2022 21:47|||||Add_Mail_KP_Z3|||||||||joshlpcieloszyk4441@gmail.com|joshpscieloszyk6179|joshemcieloszyk8524@toolmmo.pro|||||16/02/2022 04:08|||||Add_Mail_KP_Z3|||||||||hiramlpcottongim4275@gmail.com|hirampscottongim3384|hiramemcottongim1268@toolmmo.pro|||||08/02/2022 02:28|||||Add_Mail_KP_Z3|||||||||christianelppiede3239@gmail.com|christianepspiede6651|christianeempiede3326@toolmmo.pro|||||17/01/2022 01:48|||||Add_Mail_KP_Z3|||||||||paulalpcavener8827@gmail.com|paulapscavener6578|paulaemcavener1381@toolmmo.pro|||||07/02/2022 14:05|||||Add_Mail_KP_Z3|||||||||stephanialprhump5170@gmail.com|stephaniapsrhump3323|stephaniaemrhump6568@toolmmo.pro|||||31/12/2021 07:56|||||Add_Mail_KP_Z3|||||||||markettalpurmos5702@gmail.com|markettapsurmos2733|markettaemurmos7800@toolmmo.pro|||||10/01/2022 18:40|||||Add_Mail_KP_Z3|||||||||buenalpklyn2753@gmail.com|buenapsklyn5682|buenaemklyn2750@toolmmo.pro|||||23/01/2022 21:44|||||Add_Mail_KP_Z3|||||||||winstonlpjn1492@gmail.com|winstonpsjn2779|winstonemjn1359@toolmmo.pro|||||01/01/2022 17:38|||||Add_Mail_KP_Z3|||||||||romalproyals7150@gmail.com|romapsroyals5144|romaemroyals1784@toolmmo.pro|||||26/01/2022 14:20|||||Add_Mail_KP_Z3|||||||||shizuelpplankey8921@gmail.com|shizuepsplankey1135|shizueemplankey9489@toolmmo.pro|||||02/02/2022 05:41|||||Add_Mail_KP_Z3|||||||||beulalparms5699@gmail.com|beulapsarms6112|beulaemarms7960@toolmmo.pro|||||12/01/2022 03:16|||||Add_Mail_KP_Z3|||||||||newtonlpkemfort6085@gmail.com|newtonpskemfort4589|newtonemkemfort7036@toolmmo.pro|||||15/02/2022 15:06|||||Add_Mail_KP_Z3|||||||||joyelpasai3836@gmail.com|joyepsasai9907|joyeemasai3482@toolmmo.pro|||||29/12/2021 02:52|||||Add_Mail_KP_Z3|||||||||merrilllpfloto1588@gmail.com|merrillpsfloto2254|merrillemfloto3119@toolmmo.pro|||||02/01/2022 01:09|||||Add_Mail_KP_Z3|||||||||toshialpwachowiak2906@gmail.com|toshiapswachowiak4048|toshiaemwachowiak3683@toolmmo.pro|||||22/01/2022 03:43|||||Add_Mail_KP_Z3|||||||||stephanylpdebrito9849@gmail.com|stephanypsdebrito3662|stephanyemdebrito9660@toolmmo.pro|||||13/01/2022 11:25|||||Add_Mail_KP_Z3|||||||||eilenelpjung4048@gmail.com|eilenepsjung3874|eileneemjung2356@toolmmo.pro|||||31/12/2021 16:31|||||Add_Mail_KP_Z3|||||||||catricelpmountford6639@gmail.com|catricepsmountford2885|catriceemmountford3265@toolmmo.pro|||||05/01/2022 15:46|||||Add_Mail_KP_Z3|||||||||celsalpgehle3793@gmail.com|celsapsgehle6388|celsaemgehle9749@toolmmo.pro|||||21/01/2022 14:33|||||Add_Mail_KP_Z3|||||||||alicalphonore4741@gmail.com|alicapshonore3827|alicaemhonore7966@toolmmo.pro|||||31/01/2022 01:08|||||Add_Mail_KP_Z3|||||||||elizalpswenk1151@gmail.com|elizapsswenk3630|elizaemswenk9032@toolmmo.pro|||||22/01/2022 02:33|||||Add_Mail_KP_Z3|||||||||alecialpeichinger3039@gmail.com|aleciapseichinger5193|aleciaemeichinger8239@toolmmo.pro|||||22/01/2022 11:12|||||Add_Mail_KP_Z3|||||||||emikolpwacht1467@gmail.com|emikopswacht6062|emikoemwacht7073@toolmmo.pro|||||18/01/2022 19:55|||||Add_Mail_KP_Z3|||||||||johnlpbachicha4452@gmail.com|johnpsbachicha4922|johnembachicha4418@toolmmo.pro|||||08/02/2022 15:40|||||Add_Mail_KP_Z3|||||||||alicialpcapetl5800@gmail.com|aliciapscapetl7299|aliciaemcapetl5472@toolmmo.pro|||||24/01/2022 04:30|||||Add_Mail_KP_Z3|||||||||thadlpdeases8114@gmail.com|thadpsdeases2047|thademdeases8868@toolmmo.pro|||||11/02/2022 08:09|||||Add_Mail_KP_Z3|||||||||geralynlpgansen4909@gmail.com|geralynpsgansen4097|geralynemgansen4846@toolmmo.pro|||||29/12/2021 15:25|||||Add_Mail_KP_Z3|||||||||romanlptramontano2253@gmail.com|romanpstramontano5647|romanemtramontano5530@toolmmo.pro|||||09/02/2022 15:40|||||Add_Mail_KP_Z3|||||||||meaghanlparicas7971@gmail.com|meaghanpsaricas1354|meaghanemaricas3302@toolmmo.pro|||||19/01/2022 13:27|||||Add_Mail_KP_Z3|||||||||bernardlphiganeda7047@gmail.com|bernardpshiganeda8346|bernardemhiganeda7621@toolmmo.pro|||||13/01/2022 09:47|||||Add_Mail_KP_Z3|||||||||harrislpgerould8220@gmail.com|harrispsgerould4194|harrisemgerould8787@toolmmo.pro|||||09/02/2022 09:34|||||Add_Mail_KP_Z3|||||||||vinnielpgaudino7657@gmail.com|vinniepsgaudino1685|vinnieemgaudino6500@toolmmo.pro|||||06/02/2022 16:17|||||Add_Mail_KP_Z3|||||||||harrylpdevor7340@gmail.com|harrypsdevor3512|harryemdevor1800@toolmmo.pro|||||23/01/2022 06:00|||||Add_Mail_KP_Z3|||||||||tamikalpfreuden8839@gmail.com|tamikapsfreuden2866|tamikaemfreuden9339@toolmmo.pro|||||15/02/2022 16:37|||||Add_Mail_KP_Z3|||||||||joettalplowman3997@gmail.com|joettapslowman5379|joettaemlowman4392@toolmmo.pro|||||09/01/2022 19:27|||||Add_Mail_KP_Z3|||||||||dortheylpbeydler9263@gmail.com|dortheypsbeydler9834|dortheyembeydler9758@toolmmo.pro|||||01/02/2022 19:16|||||Add_Mail_KP_Z3|||||||||leandralpdumars2289@gmail.com|leandrapsdumars2626|leandraemdumars9450@toolmmo.pro|||||22/01/2022 07:24|||||Add_Mail_KP_Z3|||||||||tammylphackleman7148@gmail.com|tammypshackleman7064|tammyemhackleman8742@toolmmo.pro|||||30/01/2022 01:47|||||Add_Mail_KP_Z3|||||||||joycelynlpsimplot9516@gmail.com|joycelynpssimplot1417|joycelynemsimplot8613@toolmmo.pro|||||01/02/2022 11:26|||||Add_Mail_KP_Z3|||||||||bridgettlpgallwas1164@gmail.com|bridgettpsgallwas9072|bridgettemgallwas8558@toolmmo.pro|||||15/02/2022 13:13|||||Add_Mail_KP_Z3|||||||||weslpbush6814@gmail.com|wespsbush4687|wesembush9004@toolmmo.pro|||||15/01/2022 19:00|||||Add_Mail_KP_Z3|||||||||rigobertolphort2751@gmail.com|rigobertopshort3680|rigobertoemhort3087@toolmmo.pro|||||15/02/2022 10:29|||||Add_Mail_KP_Z3|||||||||mirtalpleidich1160@gmail.com|mirtapsleidich5589|mirtaemleidich3313@toolmmo.pro|||||02/01/2022 13:48|||||Add_Mail_KP_Z3|||||||||erinnlpberkhimer7309@gmail.com|erinnpsberkhimer6600|erinnemberkhimer4831@toolmmo.pro|||||19/01/2022 23:15|||||Add_Mail_KP_Z3|||||||||yoshielpkuzniar4307@gmail.com|yoshiepskuzniar4372|yoshieemkuzniar2439@toolmmo.pro|||||25/01/2022 03:54|||||Add_Mail_KP_Z3|||||||||perrylpswartz4017@gmail.com|perrypsswartz2008|perryemswartz5880@toolmmo.pro|||||04/02/2022 15:22|||||Add_Mail_KP_Z3|||||||||terrylptoa8175@gmail.com|terrypstoa3198|terryemtoa4920@toolmmo.pro|||||17/01/2022 01:48|||||Add_Mail_KP_Z3|||||||||shantelllpeguchi5637@gmail.com|shantellpseguchi7482|shantellemeguchi6022@toolmmo.pro|||||29/12/2021 07:04|||||Add_Mail_KP_Z3|||||||||yessenialpcowdrey8900@gmail.com|yesseniapscowdrey5939|yesseniaemcowdrey8962@toolmmo.pro|||||01/01/2022 09:01|||||Add_Mail_KP_Z3|||||||||reenalpfirlit8320@gmail.com|reenapsfirlit3695|reenaemfirlit2873@toolmmo.pro|||||22/01/2022 17:07|||||Add_Mail_KP_Z3|||||||||willlpcandle4792@gmail.com|willpscandle3123|willemcandle1106@toolmmo.pro|||||30/01/2022 17:23|||||Add_Mail_KP_Z3|||||||||calvinlpgarwood8603@gmail.com|calvinpsgarwood4992|calvinemgarwood4438@toolmmo.pro|||||21/01/2022 12:42|||||Add_Mail_KP_Z3|||||||||silaslpzullo9589@gmail.com|silaspszullo5701|silasemzullo1131@toolmmo.pro|||||23/01/2022 02:06|||||Add_Mail_KP_Z3|||||||||jenalpknappert3429@gmail.com|jenapsknappert7345|jenaemknappert8049@toolmmo.pro|||||21/01/2022 17:37|||||Add_Mail_KP_Z3|||||||||chilpeverts4546@gmail.com|chipseverts9610|chiemeverts1406@toolmmo.pro|||||29/12/2021 14:32|||||Add_Mail_KP_Z3|||||||||robtlppurnell6434@gmail.com|robtpspurnell9624|robtempurnell9172@toolmmo.pro|||||22/01/2022 20:25|||||Add_Mail_KP_Z3|||||||||lolitalpstillwagon5566@gmail.com|lolitapsstillwagon1137|lolitaemstillwagon9692@toolmmo.pro|||||20/01/2022 22:39|||||Add_Mail_KP_Z3|||||||||xiomaralpcoolbaugh7868@gmail.com|xiomarapscoolbaugh5622|xiomaraemcoolbaugh1538@toolmmo.pro|||||20/01/2022 10:56|||||Add_Mail_KP_Z3|||||||||kathaleenlpmaione2504@gmail.com|kathaleenpsmaione8599|kathaleenemmaione2431@toolmmo.pro|||||16/01/2022 10:17|||||Add_Mail_KP_Z3|||||||||hedwiglpkrance8666@gmail.com|hedwigpskrance3617|hedwigemkrance1869@toolmmo.pro|||||15/02/2022 14:22|||||Add_Mail_KP_Z3|||||||||alexandrialphebets9514@gmail.com|alexandriapshebets4973|alexandriaemhebets3928@toolmmo.pro|||||21/01/2022 10:08|||||Add_Mail_KP_Z3|||||||||oswaldolphiemer2928@gmail.com|oswaldopshiemer3705|oswaldoemhiemer9314@toolmmo.pro|||||10/02/2022 22:45|||||Add_Mail_KP_Z3|||||||||earthalpmastera9657@gmail.com|earthapsmastera1577|earthaemmastera2222@toolmmo.pro|||||23/01/2022 14:05|||||Add_Mail_KP_Z3|||||||||eldonlpbalasa3063@gmail.com|eldonpsbalasa1817|eldonembalasa4392@toolmmo.pro|||||20/01/2022 06:18|||||Add_Mail_KP_Z3|||||||||florentinalpmccarville7688@gmail.com|florentinapsmccarville6021|florentinaemmccarville6126@toolmmo.pro|||||15/01/2022 04:37|||||Add_Mail_KP_Z3|||||||||josephlppesh6017@gmail.com|josephpspesh5230|josephempesh8821@toolmmo.pro|||||22/01/2022 12:14|||||Add_Mail_KP_Z3|||||||||louannelpvanderlinde4677@gmail.com|louannepsvanderlinde5487|louanneemvanderlinde1690@toolmmo.pro|||||10/02/2022 10:41|||||Add_Mail_KP_Z3|||||||||chetlpwalla7952@gmail.com|chetpswalla6924|chetemwalla6595@toolmmo.pro|||||09/01/2022 15:57|||||Add_Mail_KP_Z3|||||||||charalpfadale3297@gmail.com|charapsfadale8249|charaemfadale4196@toolmmo.pro|||||23/01/2022 01:57|||||Add_Mail_KP_Z3|||||||||brodericklpgagg6585@gmail.com|broderickpsgagg2697|broderickemgagg2163@toolmmo.pro|||||19/01/2022 20:43|||||Add_Mail_KP_Z3|||||||||ashleelpgruenewald5477@gmail.com|ashleepsgruenewald1004|ashleeemgruenewald1601@toolmmo.pro|||||19/01/2022 08:57|||||Add_Mail_KP_Z3|||||||||shenikalpjacobi3545@gmail.com|shenikapsjacobi6006|shenikaemjacobi8219@toolmmo.pro|||||23/01/2022 11:47|||||Add_Mail_KP_Z3|||||||||arthurlpkitchel1422@gmail.com|arthurpskitchel1458|arthuremkitchel7845@toolmmo.pro|||||08/02/2022 14:54|||||Add_Mail_KP_Z3|||||||||conchalpzall1310@gmail.com|conchapszall7089|conchaemzall6158@toolmmo.pro|||||29/12/2021 03:41|||||Add_Mail_KP_Z3|||||||||ehtellpblaszczyk3917@gmail.com|ehtelpsblaszczyk7853|ehtelemblaszczyk8521@toolmmo.pro|||||26/01/2022 03:36|||||Add_Mail_KP_Z3|||||||||marcelenelpverdier4155@gmail.com|marcelenepsverdier9031|marceleneemverdier4933@toolmmo.pro|||||25/01/2022 13:11|||||Add_Mail_KP_Z3|||||||||christopherlpwalbright5558@gmail.com|christopherpswalbright6858|christopheremwalbright5857@toolmmo.pro|||||17/01/2022 00:32|||||Add_Mail_KP_Z3|||||||||suzannlpcreekmore1016@gmail.com|suzannpscreekmore4165|suzannemcreekmore3905@toolmmo.pro|||||03/01/2022 21:09|||||Add_Mail_KP_Z3|||||||||leolpbassage5314@gmail.com|leopsbassage7095|leoembassage8049@toolmmo.pro|||||17/01/2022 17:40|||||Add_Mail_KP_Z3|||||||||janellalpvanderburg5238@gmail.com|janellapsvanderburg9570|janellaemvanderburg6985@toolmmo.pro|||||18/01/2022 23:01|||||Add_Mail_KP_Z3|||||||||juanlpsquines5915@gmail.com|juanpssquines1833|juanemsquines2238@toolmmo.pro|||||15/02/2022 17:51|||||Add_Mail_KP_Z3|||||||||harlandlpwamser9579@gmail.com|harlandpswamser3077|harlandemwamser3376@toolmmo.pro|||||04/02/2022 17:24|||||Add_Mail_KP_Z3|||||||||quyenlpeitzen5244@gmail.com|quyenpseitzen6481|quyenemeitzen2570@toolmmo.pro|||||12/01/2022 19:03|||||Add_Mail_KP_Z3|||||||||janilpthayer3391@gmail.com|janipsthayer5994|janiemthayer9871@toolmmo.pro|||||08/01/2022 13:01|||||Add_Mail_KP_Z3|||||||||ngoclprutz5447@gmail.com|ngocpsrutz8122|ngocemrutz1274@toolmmo.pro|||||30/12/2021 08:23|||||Add_Mail_KP_Z3|||||||||lashelllproylance1069@gmail.com|lashellpsroylance4580|lashellemroylance6147@toolmmo.pro|||||10/02/2022 10:08|||||Add_Mail_KP_Z3|||||||||adelinalpbowdich1513@gmail.com|adelinapsbowdich9474|adelinaembowdich9317@toolmmo.pro|||||16/02/2022 12:40|||||Add_Mail_KP_Z3|||||||||margielpsuero8806@gmail.com|margiepssuero1070|margieemsuero5454@toolmmo.pro|||||03/02/2022 20:58|||||Add_Mail_KP_Z3|||||||||edelmiralprufo8180@gmail.com|edelmirapsrufo8275|edelmiraemrufo1773@toolmmo.pro|||||11/01/2022 15:29|||||Add_Mail_KP_Z3|||||||||sunnilpreker2339@gmail.com|sunnipsreker7444|sunniemreker6987@toolmmo.pro|||||21/01/2022 22:40|||||Add_Mail_KP_Z3|||||||||columbuslphemsworth5963@gmail.com|columbuspshemsworth9556|columbusemhemsworth4706@toolmmo.pro|||||14/01/2022 05:48|||||Add_Mail_KP_Z3|||||||||bernardalpmascolo1148@gmail.com|bernardapsmascolo4939|bernardaemmascolo7599@toolmmo.pro|||||25/01/2022 17:06|||||Add_Mail_KP_Z3|||||||||olivelpgaribaldi6796@gmail.com|olivepsgaribaldi3411|oliveemgaribaldi5912@toolmmo.pro|||||04/02/2022 09:40|||||Add_Mail_KP_Z3|||||||||violetalpcoplin4176@gmail.com|violetapscoplin5150|violetaemcoplin8528@toolmmo.pro|||||20/01/2022 08:24|||||Add_Mail_KP_Z3|||||||||isabellpbradway9583@gmail.com|isabelpsbradway1252|isabelembradway7745@toolmmo.pro|||||21/01/2022 09:17|||||Add_Mail_KP_Z3|||||||||demetricelpostendorff1420@gmail.com|demetricepsostendorff3873|demetriceemostendorff7969@toolmmo.pro|||||31/12/2021 07:40|||||Add_Mail_KP_Z3|||||||||lashaundalplindall8315@gmail.com|lashaundapslindall9215|lashaundaemlindall7148@toolmmo.pro|||||29/01/2022 17:12|||||Add_Mail_KP_Z3|||||||||shaynalptillotson9157@gmail.com|shaynapstillotson3607|shaynaemtillotson6125@toolmmo.pro|||||06/02/2022 08:05|||||Add_Mail_KP_Z3|||||||||lymanlpelkins6084@gmail.com|lymanpselkins4097|lymanemelkins4043@toolmmo.pro|||||10/02/2022 12:01|||||Add_Mail_KP_Z3|||||||||tarshalpaquino8685@gmail.com|tarshapsaquino6924|tarshaemaquino8346@toolmmo.pro|||||09/02/2022 11:47|||||Add_Mail_KP_Z3|||||||||louielptraphagen9090@gmail.com|louiepstraphagen5160|louieemtraphagen6978@toolmmo.pro|||||08/01/2022 13:30|||||Add_Mail_KP_Z3|||||||||loganlpglossner5991@gmail.com|loganpsglossner8259|loganemglossner5048@toolmmo.pro|||||23/01/2022 17:15|||||Add_Mail_KP_Z3|||||||||annislpvigil3584@gmail.com|annispsvigil9685|annisemvigil1690@toolmmo.pro|||||10/02/2022 07:53|||||Add_Mail_KP_Z3|||||||||shavondalpbergey4694@gmail.com|shavondapsbergey9798|shavondaembergey3096@toolmmo.pro|||||12/01/2022 14:17|||||Add_Mail_KP_Z3|||||||||caseylpadee5539@gmail.com|caseypsadee2553|caseyemadee1117@toolmmo.pro|||||16/02/2022 10:01|||||Add_Mail_KP_Z3|||||||||ayakolpstaadt9113@gmail.com|ayakopsstaadt4716|ayakoemstaadt9015@toolmmo.pro|||||02/01/2022 20:52|||||Add_Mail_KP_Z3|||||||||codilpcarvey9545@gmail.com|codipscarvey5585|codiemcarvey9415@toolmmo.pro|||||01/02/2022 11:59|||||Add_Mail_KP_Z3|||||||||nannettelpwands7461@gmail.com|nannettepswands3138|nannetteemwands6871@toolmmo.pro|||||18/01/2022 17:45|||||Add_Mail_KP_Z3|||||||||deandrelplanteigne5801@gmail.com|deandrepslanteigne4870|deandreemlanteigne2228@toolmmo.pro|||||20/01/2022 02:04|||||Add_Mail_KP_Z3|||||||||tomokolpbehrens6821@gmail.com|tomokopsbehrens3048|tomokoembehrens9867@toolmmo.pro|||||06/01/2022 00:43|||||Add_Mail_KP_Z3|||||||||hienlpseil8361@gmail.com|hienpsseil3139|hienemseil5506@toolmmo.pro|||||23/01/2022 15:41|||||Add_Mail_KP_Z3|||||||||emmanuellpgruesbeck7229@gmail.com|emmanuelpsgruesbeck9217|emmanuelemgruesbeck2260@toolmmo.pro|||||29/12/2021 07:26|||||Add_Mail_KP_Z3|||||||||refugiolpvermont9122@gmail.com|refugiopsvermont7387|refugioemvermont2155@toolmmo.pro|||||21/01/2022 00:37|||||Add_Mail_KP_Z3|||||||||donnettalpleoni1194@gmail.com|donnettapsleoni5421|donnettaemleoni6192@toolmmo.pro|||||22/01/2022 20:01|||||Add_Mail_KP_Z3|||||||||kenyettalptolan5659@gmail.com|kenyettapstolan9511|kenyettaemtolan5960@toolmmo.pro|||||11/02/2022 15:38|||||Add_Mail_KP_Z3|||||||||trinhlpbrasket2603@gmail.com|trinhpsbrasket7777|trinhembrasket7123@toolmmo.pro|||||08/02/2022 10:09|||||Add_Mail_KP_Z3|||||||||bobbielpjeffryes1829@gmail.com|bobbiepsjeffryes1029|bobbieemjeffryes8601@toolmmo.pro|||||15/01/2022 06:49|||||Add_Mail_KP_Z3|||||||||derricklpellerbusch5403@gmail.com|derrickpsellerbusch4706|derrickemellerbusch8032@toolmmo.pro|||||03/01/2022 20:28|||||Add_Mail_KP_Z3|||||||||nancylpsanmiguel8959@gmail.com|nancypssanmiguel5437|nancyemsanmiguel5258@toolmmo.pro|||||07/02/2022 14:01|||||Add_Mail_KP_Z3|||||||||bennettlpsaulsberry9839@gmail.com|bennettpssaulsberry5605|bennettemsaulsberry7714@toolmmo.pro|||||18/01/2022 21:01|||||Add_Mail_KP_Z3|||||||||laralpakerman5500@gmail.com|larapsakerman9179|laraemakerman6769@toolmmo.pro|||||06/02/2022 09:39|||||Add_Mail_KP_Z3|||||||||deeannlpzakrzewski9684@gmail.com|deeannpszakrzewski9612|deeannemzakrzewski9205@toolmmo.pro|||||11/01/2022 15:30|||||Add_Mail_KP_Z3|||||||||haroldlpmckinstry8635@gmail.com|haroldpsmckinstry4466|haroldemmckinstry1567@toolmmo.pro|||||10/02/2022 04:17|||||Add_Mail_KP_Z3|||||||||hildredlpgunagan5382@gmail.com|hildredpsgunagan7638|hildredemgunagan6042@toolmmo.pro|||||23/01/2022 09:19|||||Add_Mail_KP_Z3|||||||||elvislpfastlaben3945@gmail.com|elvispsfastlaben3207|elvisemfastlaben1364@toolmmo.pro|||||01/02/2022 08:59|||||Add_Mail_KP_Z3|||||||||vilmalptebar9053@gmail.com|vilmapstebar7986|vilmaemtebar2105@toolmmo.pro|||||06/02/2022 02:01|||||Add_Mail_KP_Z3|||||||||estelllprusser7539@gmail.com|estellpsrusser1422|estellemrusser1430@toolmmo.pro|||||17/01/2022 00:32|||||Add_Mail_KP_Z3|||||||||allenlpstanish8409@gmail.com|allenpsstanish3986|allenemstanish9314@toolmmo.pro|||||08/02/2022 04:07|||||Add_Mail_KP_Z3|||||||||chereelpoberfell1644@gmail.com|chereepsoberfell7283|chereeemoberfell7293@toolmmo.pro|||||14/01/2022 20:44|||||Add_Mail_KP_Z3|||||||||conceptionlpcrute6038@gmail.com|conceptionpscrute6841|conceptionemcrute6981@toolmmo.pro|||||01/02/2022 11:09|||||Add_Mail_KP_Z3|||||||||cindylplarick7433@gmail.com|cindypslarick1429|cindyemlarick8721@toolmmo.pro|||||06/01/2022 08:40|||||Add_Mail_KP_Z3|||||||||kathaleenlpkarsten8427@gmail.com|kathaleenpskarsten8090|kathaleenemkarsten7047@toolmmo.pro|||||15/01/2022 20:52|||||Add_Mail_KP_Z3|||||||||alisalproxbury3621@gmail.com|alisapsroxbury1127|alisaemroxbury4977@toolmmo.pro|||||21/01/2022 21:17|||||Add_Mail_KP_Z3|||||||||randylpdalessio6982@gmail.com|randypsdalessio4455|randyemdalessio9536@toolmmo.pro|||||24/01/2022 03:32|||||Add_Mail_KP_Z3|||||||||alicalpdugal6999@gmail.com|alicapsdugal1865|alicaemdugal8328@toolmmo.pro|||||21/01/2022 06:36|||||Add_Mail_KP_Z3|||||||||ameelpbadolato2554@gmail.com|ameepsbadolato6397|ameeembadolato6135@toolmmo.pro|||||15/01/2022 04:42|||||Add_Mail_KP_Z3|||||||||kerrylpstrictland7586@gmail.com|kerrypsstrictland9224|kerryemstrictland8782@toolmmo.pro|||||13/01/2022 19:28|||||Add_Mail_KP_Z3|||||||||billielpkornblum2557@gmail.com|billiepskornblum7964|billieemkornblum6799@toolmmo.pro|||||02/02/2022 14:54|||||Add_Mail_KP_Z3|||||||||kenyattalpstepney8311@gmail.com|kenyattapsstepney2220|kenyattaemstepney6049@toolmmo.pro|||||25/01/2022 01:34|||||Add_Mail_KP_Z3|||||||||charmainelpvalderrama1517@gmail.com|charmainepsvalderrama5461|charmaineemvalderrama7363@toolmmo.pro|||||15/01/2022 23:09|||||Add_Mail_KP_Z3|||||||||roxannelpspeir7949@gmail.com|roxannepsspeir8165|roxanneemspeir7038@toolmmo.pro|||||13/01/2022 09:47|||||Add_Mail_KP_Z3|||||||||joellenlprumpca1263@gmail.com|joellenpsrumpca8598|joellenemrumpca6287@toolmmo.pro|||||30/12/2021 23:06|||||Add_Mail_KP_Z3|||||||||denicelpbrooks7699@gmail.com|denicepsbrooks5292|deniceembrooks6310@toolmmo.pro|||||23/01/2022 09:11|||||Add_Mail_KP_Z3|||||||||horaciolpmcmillion2543@gmail.com|horaciopsmcmillion3829|horacioemmcmillion5439@toolmmo.pro|||||12/01/2022 05:05|||||Add_Mail_KP_Z3|||||||||kristallpkuchenbecker8342@gmail.com|kristalpskuchenbecker9512|kristalemkuchenbecker2553@toolmmo.pro|||||22/01/2022 21:04|||||Add_Mail_KP_Z3|||||||||nevadalphanning1129@gmail.com|nevadapshanning2855|nevadaemhanning8209@toolmmo.pro|||||20/01/2022 18:36|||||Add_Mail_KP_Z3|||||||||lupelpfinkelson4870@gmail.com|lupepsfinkelson8320|lupeemfinkelson5593@toolmmo.pro|||||23/01/2022 03:52|||||Add_Mail_KP_Z3|||||||||shaelphare4052@gmail.com|shaepshare9567|shaeemhare5638@toolmmo.pro|||||07/02/2022 21:01|||||Add_Mail_KP_Z3|||||||||tainalplineback8012@gmail.com|tainapslineback3886|tainaemlineback1393@toolmmo.pro|||||07/02/2022 12:11|||||Add_Mail_KP_Z3|||||||||sallielpcorrick1863@gmail.com|salliepscorrick9661|sallieemcorrick5108@toolmmo.pro|||||06/01/2022 16:21|||||Add_Mail_KP_Z3|||||||||tangelalpmcginnis8939@gmail.com|tangelapsmcginnis2614|tangelaemmcginnis4199@toolmmo.pro|||||09/02/2022 17:34|||||Add_Mail_KP_Z3|||||||||stacialpladnier2620@gmail.com|staciapsladnier7554|staciaemladnier2833@toolmmo.pro|||||22/01/2022 20:02|||||Add_Mail_KP_Z3|||||||||dunglpkita3589@gmail.com|dungpskita3322|dungemkita3022@toolmmo.pro|||||17/01/2022 02:46|||||Add_Mail_KP_Z3|||||||||mitzilpkachikian7931@gmail.com|mitzipskachikian3694|mitziemkachikian6749@toolmmo.pro|||||09/02/2022 16:28|||||Add_Mail_KP_Z3|||||||||johnnylpihde8512@gmail.com|johnnypsihde2396|johnnyemihde8002@toolmmo.pro|||||22/01/2022 12:28|||||Add_Mail_KP_Z3|||||||||yulandalpwolinski4388@gmail.com|yulandapswolinski9518|yulandaemwolinski3727@toolmmo.pro|||||05/01/2022 21:09|||||Add_Mail_KP_Z3|||||||||yonglpjentry7034@gmail.com|yongpsjentry3418|yongemjentry4383@toolmmo.pro|||||19/01/2022 10:26|||||Add_Mail_KP_Z3|||||||||nohemilppuleio3848@gmail.com|nohemipspuleio7867|nohemiempuleio1390@toolmmo.pro|||||31/12/2021 04:03|||||Add_Mail_KP_Z3|||||||||mialpmainland2508@gmail.com|miapsmainland4725|miaemmainland5201@toolmmo.pro|||||01/01/2022 03:06|||||Add_Mail_KP_Z3|||||||||luanalpcalixto1170@gmail.com|luanapscalixto8329|luanaemcalixto1752@toolmmo.pro|||||12/01/2022 12:09|||||Add_Mail_KP_Z3|||||||||codylpavinger1551@gmail.com|codypsavinger5610|codyemavinger7413@toolmmo.pro|||||13/01/2022 14:11|||||Add_Mail_KP_Z3|||||||||joellpcaldera4572@gmail.com|joelpscaldera6276|joelemcaldera1315@toolmmo.pro|||||18/01/2022 17:50|||||Add_Mail_KP_Z3|||||||||janislpmontpetit2907@gmail.com|janispsmontpetit8570|janisemmontpetit4397@toolmmo.pro|||||11/02/2022 09:52|||||Add_Mail_KP_Z3|||||||||brittlpludington1710@gmail.com|brittpsludington2302|brittemludington9878@toolmmo.pro|||||22/01/2022 02:03|||||Add_Mail_KP_Z3|||||||||naomalpcockman9963@gmail.com|naomapscockman3764|naomaemcockman1063@toolmmo.pro|||||21/01/2022 10:05|||||Add_Mail_KP_Z3|||||||||newtonlpbieberle8168@gmail.com|newtonpsbieberle9590|newtonembieberle9174@toolmmo.pro|||||15/01/2022 17:55|||||Add_Mail_KP_Z3|||||||||leonardalpspraberry9408@gmail.com|leonardapsspraberry1590|leonardaemspraberry6482@toolmmo.pro|||||25/01/2022 08:21|||||Add_Mail_KP_Z3|||||||||quentinlpcogswell5711@gmail.com|quentinpscogswell9272|quentinemcogswell4792@toolmmo.pro|||||20/01/2022 12:52|||||Add_Mail_KP_Z3|||||||||melvinlpmartinas7159@gmail.com|melvinpsmartinas8627|melvinemmartinas7517@toolmmo.pro|||||25/01/2022 09:23|||||Add_Mail_KP_Z3|||||||||lalalpslonaker6324@gmail.com|lalapsslonaker8982|lalaemslonaker3392@toolmmo.pro|||||01/01/2022 16:28|||||Add_Mail_KP_Z3|||||||||elalpkretsinger5777@gmail.com|elapskretsinger6030|elaemkretsinger3978@toolmmo.pro|||||19/01/2022 23:10|||||Add_Mail_KP_Z3|||||||||mackenzielpretzlaff3340@gmail.com|mackenziepsretzlaff8987|mackenzieemretzlaff8066@toolmmo.pro|||||20/01/2022 10:19|||||Add_Mail_KP_Z3|||||||||vernalprohe4077@gmail.com|vernapsrohe7168|vernaemrohe7420@toolmmo.pro|||||07/02/2022 01:02|||||Add_Mail_KP_Z3|||||||||emilielpwilgus1094@gmail.com|emiliepswilgus9983|emilieemwilgus7328@toolmmo.pro|||||31/01/2022 07:33|||||Add_Mail_KP_Z3|||||||||cindalpharrel9401@gmail.com|cindapsharrel8899|cindaemharrel6950@toolmmo.pro|||||06/02/2022 12:05|||||Add_Mail_KP_Z3|||||||||senalpwadford8864@gmail.com|senapswadford4954|senaemwadford9645@toolmmo.pro|||||12/01/2022 18:31|||||Add_Mail_KP_Z3|||||||||bernardlpmonro9002@gmail.com|bernardpsmonro3074|bernardemmonro9510@toolmmo.pro|||||31/12/2021 15:46|||||Add_Mail_KP_Z3|||||||||thanhlpdonnick1781@gmail.com|thanhpsdonnick2021|thanhemdonnick5471@toolmmo.pro|||||18/01/2022 23:45|||||Add_Mail_KP_Z3|||||||||eddielpwitthoft7155@gmail.com|eddiepswitthoft5644|eddieemwitthoft6054@toolmmo.pro|||||31/01/2022 23:19|||||Add_Mail_KP_Z3|||||||||herbertlpevasco9687@gmail.com|herbertpsevasco5792|herbertemevasco6808@toolmmo.pro|||||13/01/2022 09:29|||||Add_Mail_KP_Z3|||||||||othalpfirpo5261@gmail.com|othapsfirpo8805|othaemfirpo7848@toolmmo.pro|||||08/02/2022 16:31|||||Add_Mail_KP_Z3|||||||||sidlpcumens4650@gmail.com|sidpscumens5003|sidemcumens6174@toolmmo.pro|||||17/01/2022 23:36|||||Add_Mail_KP_Z3|||||||||sergiolplofties5618@gmail.com|sergiopslofties8576|sergioemlofties4347@toolmmo.pro|||||01/02/2022 04:06|||||Add_Mail_KP_Z3|||||||||samaralpmunce2039@gmail.com|samarapsmunce6139|samaraemmunce1296@toolmmo.pro|||||25/01/2022 07:57|||||Add_Mail_KP_Z3|||||||||rashidalpmclaughlin1719@gmail.com|rashidapsmclaughlin8306|rashidaemmclaughlin8521@toolmmo.pro|||||21/01/2022 03:52|||||Add_Mail_KP_Z3|||||||||natishalpferrara9422@gmail.com|natishapsferrara8371|natishaemferrara9135@toolmmo.pro|||||17/01/2022 17:56|||||Add_Mail_KP_Z3|||||||||staceelpgroch9233@gmail.com|staceepsgroch8035|staceeemgroch3986@toolmmo.pro|||||08/01/2022 10:12|||||Add_Mail_KP_Z3|||||||||petrinalppastuch1340@gmail.com|petrinapspastuch8222|petrinaempastuch2245@toolmmo.pro|||||22/01/2022 19:53|||||Add_Mail_KP_Z3|||||||||danelpchet7356@gmail.com|danepschet2465|daneemchet6273@toolmmo.pro|||||07/02/2022 02:30|||||Add_Mail_KP_Z3|||||||||birdielpsalyards7236@gmail.com|birdiepssalyards9398|birdieemsalyards6932@toolmmo.pro|||||18/01/2022 05:38|||||Add_Mail_KP_Z3|||||||||audrylplope5962@gmail.com|audrypslope5721|audryemlope2840@toolmmo.pro|||||09/02/2022 15:37|||||Add_Mail_KP_Z3|||||||||vernonlptinajero7300@gmail.com|vernonpstinajero6802|vernonemtinajero4636@toolmmo.pro|||||22/01/2022 08:31|||||Add_Mail_KP_Z3|||||||||beaulahlpguldin1307@gmail.com|beaulahpsguldin2465|beaulahemguldin4320@toolmmo.pro|||||21/01/2022 11:26|||||Add_Mail_KP_Z3|||||||||pearllpbernard2314@gmail.com|pearlpsbernard3271|pearlembernard9916@toolmmo.pro|||||20/01/2022 09:47|||||Add_Mail_KP_Z3|||||||||kiralpschrecengost4331@gmail.com|kirapsschrecengost4124|kiraemschrecengost7434@toolmmo.pro|||||13/01/2022 03:41|||||Add_Mail_KP_Z3|||||||||briannelpgosche5256@gmail.com|briannepsgosche2382|brianneemgosche4224@toolmmo.pro|||||02/02/2022 14:03|||||Add_Mail_KP_Z3|||||||||christopherlpdeardon4781@gmail.com|christopherpsdeardon7662|christopheremdeardon6799@toolmmo.pro|||||06/02/2022 06:52|||||Add_Mail_KP_Z3|||||||||halleylpburan3554@gmail.com|halleypsburan1086|halleyemburan1539@toolmmo.pro|||||02/01/2022 15:22|||||Add_Mail_KP_Z3|||||||||candislpshenkle8123@gmail.com|candispsshenkle7473|candisemshenkle5947@toolmmo.pro|||||08/02/2022 16:35|||||Add_Mail_KP_Z3|||||||||santoslpcharfauros1773@gmail.com|santospscharfauros3156|santosemcharfauros3824@toolmmo.pro|||||01/02/2022 21:52|||||Add_Mail_KP_Z3|||||||||eufemialpkody1178@gmail.com|eufemiapskody4929|eufemiaemkody5727@toolmmo.pro|||||22/01/2022 05:24|||||Add_Mail_KP_Z3|||||||||sharalpcuevas5655@gmail.com|sharapscuevas1353|sharaemcuevas1899@toolmmo.pro|||||06/01/2022 06:27|||||Add_Mail_KP_Z3|||||||||willardlpbarrero1836@gmail.com|willardpsbarrero4534|willardembarrero2298@toolmmo.pro|||||08/02/2022 18:33|||||Add_Mail_KP_Z3|||||||||germainelpmcguffie7006@gmail.com|germainepsmcguffie4008|germaineemmcguffie2396@toolmmo.pro|||||21/01/2022 13:28|||||Add_Mail_KP_Z3|||||||||jamelplicata4539@gmail.com|jamepslicata7035|jameemlicata6771@toolmmo.pro|||||02/01/2022 10:36|||||Add_Mail_KP_Z3|||||||||marlenelpvanderbilt6295@gmail.com|marlenepsvanderbilt4062|marleneemvanderbilt1265@toolmmo.pro|||||17/01/2022 18:47|||||Add_Mail_KP_Z3|||||||||crislpratner4192@gmail.com|crispsratner4715|crisemratner9941@toolmmo.pro|||||12/01/2022 12:58|||||Add_Mail_KP_Z3|||||||||erwinlppantera7157@gmail.com|erwinpspantera5842|erwinempantera2776@toolmmo.pro|||||29/12/2021 19:02|||||Add_Mail_KP_Z3|||||||||elvislptimbrell7732@gmail.com|elvispstimbrell9653|elvisemtimbrell4301@toolmmo.pro|||||10/01/2022 17:04|||||Add_Mail_KP_Z3|||||||||anglelpwu7531@gmail.com|anglepswu8975|angleemwu4691@toolmmo.pro|||||19/01/2022 10:34|||||Add_Mail_KP_Z3|||||||||brynnlpnute7467@gmail.com|brynnpsnute3836|brynnemnute3045@toolmmo.pro|||||24/01/2022 23:34|||||Add_Mail_KP_Z3|||||||||milissalppaullin6376@gmail.com|milissapspaullin4703|milissaempaullin4475@toolmmo.pro|||||11/01/2022 08:43|||||Add_Mail_KP_Z3|||||||||shanelllpmaag5844@gmail.com|shanellpsmaag3251|shanellemmaag8793@toolmmo.pro|||||08/01/2022 12:03|||||Add_Mail_KP_Z3|||||||||metalpaltobello7698@gmail.com|metapsaltobello8727|metaemaltobello6462@toolmmo.pro|||||09/02/2022 03:52|||||Add_Mail_KP_Z3|||||||||laurellpgarverick6403@gmail.com|laurelpsgarverick9948|laurelemgarverick7053@toolmmo.pro|||||13/01/2022 15:30|||||Add_Mail_KP_Z3|||||||||ludivinalpboesen6175@gmail.com|ludivinapsboesen8027|ludivinaemboesen6715@toolmmo.pro|||||10/01/2022 07:06|||||Add_Mail_KP_Z3|||||||||tifanylpdragone8712@gmail.com|tifanypsdragone1344|tifanyemdragone5799@toolmmo.pro|||||15/01/2022 03:23|||||Add_Mail_KP_Z3|||||||||marialphanisko2107@gmail.com|mariapshanisko3621|mariaemhanisko6734@toolmmo.pro|||||06/02/2022 13:52|||||Add_Mail_KP_Z3|||||||||mortonlplieser1342@gmail.com|mortonpslieser8257|mortonemlieser1465@toolmmo.pro|||||11/01/2022 09:29|||||Add_Mail_KP_Z3|||||||||arnulfolprebello4019@gmail.com|arnulfopsrebello3711|arnulfoemrebello7024@toolmmo.pro|||||08/01/2022 04:12|||||Add_Mail_KP_Z3|||||||||krystalpskoff4983@gmail.com|krystapsskoff6875|krystaemskoff5786@toolmmo.pro|||||02/01/2022 04:48|||||Add_Mail_KP_Z3|||||||||jerilpturnmyre1143@gmail.com|jeripsturnmyre9975|jeriemturnmyre9817@toolmmo.pro|||||02/02/2022 16:54|||||Add_Mail_KP_Z3|||||||||delenalpbald9932@gmail.com|delenapsbald4410|delenaembald6944@toolmmo.pro|||||19/01/2022 19:51|||||Add_Mail_KP_Z3|||||||||lissalpgisin7727@gmail.com|lissapsgisin2572|lissaemgisin1158@toolmmo.pro|||||23/01/2022 06:20|||||Add_Mail_KP_Z3|||||||||sharlenelparn8311@gmail.com|sharlenepsarn4247|sharleneemarn4580@toolmmo.pro|||||06/02/2022 23:55|||||Add_Mail_KP_Z3|||||||||caroleelpbenet7105@gmail.com|caroleepsbenet6804|caroleeembenet3382@toolmmo.pro|||||31/12/2021 14:40|||||Add_Mail_KP_Z3|||||||||williamlpblatt6412@gmail.com|williampsblatt3532|williamemblatt6738@toolmmo.pro|||||06/01/2022 01:07|||||Add_Mail_KP_Z3|||||||||marshalllpmakowski9060@gmail.com|marshallpsmakowski1048|marshallemmakowski3307@toolmmo.pro|||||31/01/2022 09:29|||||Add_Mail_KP_Z3|||||||||mistielppichler7383@gmail.com|mistiepspichler8884|mistieempichler8500@toolmmo.pro|||||06/01/2022 11:39|||||Add_Mail_KP_Z3|||||||||athenalpfane3535@gmail.com|athenapsfane5408|athenaemfane3294@toolmmo.pro|||||22/01/2022 11:47|||||Add_Mail_KP_Z3|||||||||janitalpdelio7521@gmail.com|janitapsdelio5273|janitaemdelio9550@toolmmo.pro|||||24/01/2022 06:45|||||Add_Mail_KP_Z3|||||||||coleenlpscharrer9265@gmail.com|coleenpsscharrer4664|coleenemscharrer9107@toolmmo.pro|||||11/02/2022 19:22|||||Add_Mail_KP_Z3|||||||||mikkilpensor4746@gmail.com|mikkipsensor2973|mikkiemensor8512@toolmmo.pro|||||29/12/2021 14:43|||||Add_Mail_KP_Z3|||||||||yonlpwetzel4064@gmail.com|yonpswetzel4619|yonemwetzel5512@toolmmo.pro|||||16/01/2022 08:13|||||Add_Mail_KP_Z3|||||||||earleenlpsprinkles5809@gmail.com|earleenpssprinkles6392|earleenemsprinkles4647@toolmmo.pro|||||02/01/2022 18:30|||||Add_Mail_KP_Z3|||||||||eloisalpmidkiff6500@gmail.com|eloisapsmidkiff3859|eloisaemmidkiff4149@toolmmo.pro|||||06/02/2022 17:17|||||Add_Mail_KP_Z3|||||||||laurielptest7453@gmail.com|lauriepstest9171|laurieemtest4831@toolmmo.pro|||||23/01/2022 11:02|||||Add_Mail_KP_Z3|||||||||caronlpminar7866@gmail.com|caronpsminar3478|caronemminar7519@toolmmo.pro|||||02/01/2022 12:40|||||Add_Mail_KP_Z3|||||||||latashialpmaynes3621@gmail.com|latashiapsmaynes7764|latashiaemmaynes4341@toolmmo.pro|||||30/01/2022 09:14|||||Add_Mail_KP_Z3|||||||||eilenelpsieger3702@gmail.com|eilenepssieger2709|eileneemsieger4127@toolmmo.pro|||||11/02/2022 06:18|||||Add_Mail_KP_Z3|||||||||marklploperena1793@gmail.com|markpsloperena7777|markemloperena5419@toolmmo.pro|||||31/12/2021 22:07|||||Add_Mail_KP_Z3|||||||||lynlpeschborn5379@gmail.com|lynpseschborn2711|lynemeschborn6227@toolmmo.pro|||||07/02/2022 13:08|||||Add_Mail_KP_Z3|||||||||merrileelpzundel7562@gmail.com|merrileepszundel2616|merrileeemzundel8029@toolmmo.pro|||||17/01/2022 03:26|||||Add_Mail_KP_Z3|||||||||maggielpsottile8287@gmail.com|maggiepssottile1243|maggieemsottile2472@toolmmo.pro|||||11/01/2022 12:23|||||Add_Mail_KP_Z3|||||||||frankielpdewing8161@gmail.com|frankiepsdewing5593|frankieemdewing4594@toolmmo.pro|||||25/01/2022 17:08|||||Add_Mail_KP_Z3|||||||||alisialppersing7486@gmail.com|alisiapspersing9913|alisiaempersing8861@toolmmo.pro|||||01/02/2022 00:14|||||Add_Mail_KP_Z3|||||||||suzannalpvandewerker3683@gmail.com|suzannapsvandewerker4304|suzannaemvandewerker4450@toolmmo.pro|||||28/12/2021 18:08|||||Add_Mail_KP_Z3|||||||||bennettlpmorocco7752@gmail.com|bennettpsmorocco4701|bennettemmorocco5637@toolmmo.pro|||||24/01/2022 21:29|||||Add_Mail_KP_Z3|||||||||dalelptabin7259@gmail.com|dalepstabin9299|daleemtabin9302@toolmmo.pro|||||01/01/2022 02:28|||||Add_Mail_KP_Z3|||||||||bettelpososkie3452@gmail.com|bettepsososkie4912|betteemososkie1757@toolmmo.pro|||||16/01/2022 22:18|||||Add_Mail_KP_Z3|||||||||lekishalpcallington9627@gmail.com|lekishapscallington3959|lekishaemcallington9891@toolmmo.pro|||||11/01/2022 07:50|||||Add_Mail_KP_Z3|||||||||raylpanolick3307@gmail.com|raypsanolick3664|rayemanolick6658@toolmmo.pro|||||15/01/2022 11:50|||||Add_Mail_KP_Z3|||||||||zulalparchambeau9699@gmail.com|zulapsarchambeau8542|zulaemarchambeau8517@toolmmo.pro|||||20/01/2022 17:16|||||Add_Mail_KP_Z3|||||||||saturninalpjohanson1390@gmail.com|saturninapsjohanson8844|saturninaemjohanson9706@toolmmo.pro|||||11/02/2022 11:09|||||Add_Mail_KP_Z3|||||||||mauritalpschloemer2855@gmail.com|mauritapsschloemer6162|mauritaemschloemer3640@toolmmo.pro|||||12/01/2022 11:45|||||Add_Mail_KP_Z3|||||||||agnuslpheinemeyer2253@gmail.com|agnuspsheinemeyer4480|agnusemheinemeyer5892@toolmmo.pro|||||30/01/2022 17:33|||||Add_Mail_KP_Z3|||||||||joellpmcnamer1913@gmail.com|joelpsmcnamer7833|joelemmcnamer3999@toolmmo.pro|||||10/01/2022 05:09|||||Add_Mail_KP_Z3|||||||||pagelpmood5317@gmail.com|pagepsmood2268|pageemmood5691@toolmmo.pro|||||25/01/2022 00:13|||||Add_Mail_KP_Z3|||||||||oletalpsantulli8350@gmail.com|oletapssantulli1686|oletaemsantulli7154@toolmmo.pro|||||21/01/2022 20:05|||||Add_Mail_KP_Z3|||||||||lyndonlpaberle1309@gmail.com|lyndonpsaberle1922|lyndonemaberle8735@toolmmo.pro|||||14/01/2022 22:59|||||Add_Mail_KP_Z3|||||||||gayelpcatala1705@gmail.com|gayepscatala4109|gayeemcatala9517@toolmmo.pro|||||20/01/2022 07:42|||||Add_Mail_KP_Z3|||||||||sidneylpbuschmann5841@gmail.com|sidneypsbuschmann1286|sidneyembuschmann5350@toolmmo.pro|||||24/01/2022 23:59|||||Add_Mail_KP_Z3|||||||||leopoldolpzele3083@gmail.com|leopoldopszele6159|leopoldoemzele3576@toolmmo.pro|||||02/01/2022 05:23|||||Add_Mail_KP_Z3|||||||||gregoriolplamont5251@gmail.com|gregoriopslamont7407|gregorioemlamont6601@toolmmo.pro|||||30/12/2021 18:49|||||Add_Mail_KP_Z3|||||||||cathleenlpadamek1173@gmail.com|cathleenpsadamek5239|cathleenemadamek8972@toolmmo.pro|||||18/01/2022 03:07|||||Add_Mail_KP_Z3|||||||||adolfolpvann9078@gmail.com|adolfopsvann3764|adolfoemvann9887@toolmmo.pro|||||09/01/2022 16:20|||||Add_Mail_KP_Z3|||||||||normanlpdettra4520@gmail.com|normanpsdettra4557|normanemdettra7531@toolmmo.pro|||||01/02/2022 16:58|||||Add_Mail_KP_Z3|||||||||tiannalpdominion6164@gmail.com|tiannapsdominion9492|tiannaemdominion2318@toolmmo.pro|||||04/02/2022 16:28|||||Add_Mail_KP_Z3|||||||||jennylpestill8363@gmail.com|jennypsestill4990|jennyemestill2127@toolmmo.pro|||||24/01/2022 11:06|||||Add_Mail_KP_Z3|||||||||chunlpalukonis1646@gmail.com|chunpsalukonis6955|chunemalukonis1779@toolmmo.pro|||||30/12/2021 11:04|||||Add_Mail_KP_Z3|||||||||bennielpmazo9996@gmail.com|benniepsmazo8959|bennieemmazo1506@toolmmo.pro|||||10/02/2022 20:10|||||Add_Mail_KP_Z3|||||||||augustinelpgledhill4205@gmail.com|augustinepsgledhill3724|augustineemgledhill7203@toolmmo.pro|||||06/01/2022 02:28|||||Add_Mail_KP_Z3|||||||||remalpmonell6254@gmail.com|remapsmonell7743|remaemmonell8521@toolmmo.pro|||||12/01/2022 15:33|||||Add_Mail_KP_Z3|||||||||lannielpaustria6165@gmail.com|lanniepsaustria4325|lannieemaustria3630@toolmmo.pro|||||23/01/2022 10:25|||||Add_Mail_KP_Z3|||||||||vicentalpperuzzi3212@gmail.com|vicentapsperuzzi7038|vicentaemperuzzi8653@toolmmo.pro|||||16/01/2022 12:35|||||Add_Mail_KP_Z3|||||||||manlplebouef3576@gmail.com|manpslebouef7373|manemlebouef6165@toolmmo.pro|||||24/01/2022 01:08|||||Add_Mail_KP_Z3|||||||||mazielpkimm6067@gmail.com|maziepskimm7518|mazieemkimm9295@toolmmo.pro|||||03/02/2022 03:20|||||Add_Mail_KP_Z3|||||||||kimlpbernat2716@gmail.com|kimpsbernat1896|kimembernat2882@toolmmo.pro|||||30/12/2021 00:26|||||Add_Mail_KP_Z3|||||||||starrlpcozzolino6980@gmail.com|starrpscozzolino1378|starremcozzolino4840@toolmmo.pro|||||09/02/2022 22:30|||||Add_Mail_KP_Z3|||||||||leonlpganus1922@gmail.com|leonpsganus2340|leonemganus8873@toolmmo.pro|||||15/01/2022 01:17|||||Add_Mail_KP_Z3|||||||||apryllppeskin1855@gmail.com|aprylpspeskin9502|aprylempeskin7298@toolmmo.pro|||||23/01/2022 12:45|||||Add_Mail_KP_Z3|||||||||feltonlphelaire4866@gmail.com|feltonpshelaire6020|feltonemhelaire7662@toolmmo.pro|||||15/01/2022 20:52|||||Add_Mail_KP_Z3|||||||||myeshalpflam8608@gmail.com|myeshapsflam5714|myeshaemflam6570@toolmmo.pro|||||01/02/2022 03:37|||||Add_Mail_KP_Z3|||||||||almetalpmacgregor4489@gmail.com|almetapsmacgregor3704|almetaemmacgregor1966@toolmmo.pro|||||18/01/2022 23:05|||||Add_Mail_KP_Z3|||||||||albertinelpneikirk4946@gmail.com|albertinepsneikirk8650|albertineemneikirk2760@toolmmo.pro|||||19/01/2022 05:54|||||Add_Mail_KP_Z3|||||||||dionlpbullion5026@gmail.com|dionpsbullion8835|dionembullion8320@toolmmo.pro|||||31/01/2022 00:43|||||Add_Mail_KP_Z3|||||||||sabinalpcrapanzano5292@gmail.com|sabinapscrapanzano3029|sabinaemcrapanzano3169@toolmmo.pro|||||29/12/2021 12:18|||||Add_Mail_KP_Z3|||||||||stacylpchaves9183@gmail.com|stacypschaves2873|stacyemchaves8540@toolmmo.pro|||||27/01/2022 01:29|||||Add_Mail_KP_Z3|||||||||basilialpcamm3786@gmail.com|basiliapscamm3184|basiliaemcamm8680@toolmmo.pro|||||11/02/2022 00:21|||||Add_Mail_KP_Z3|||||||||kailpmchaney7617@gmail.com|kaipsmchaney5508|kaiemmchaney5378@toolmmo.pro|||||16/01/2022 22:11|||||Add_Mail_KP_Z3|||||||||edmundolpalavi4746@gmail.com|edmundopsalavi6727|edmundoemalavi7250@toolmmo.pro|||||19/01/2022 10:06|||||Add_Mail_KP_Z3|||||||||arianelplingao1046@gmail.com|arianepslingao7383|arianeemlingao1844@toolmmo.pro|||||23/01/2022 08:05|||||Add_Mail_KP_Z3|||||||||rickilplippincott6014@gmail.com|rickipslippincott6656|rickiemlippincott2006@toolmmo.pro|||||12/01/2022 18:54|||||Add_Mail_KP_Z3|||||||||isaaclprollow5758@gmail.com|isaacpsrollow7242|isaacemrollow2989@toolmmo.pro|||||22/01/2022 23:44|||||Add_Mail_KP_Z3|||||||||phuonglproskowinski2403@gmail.com|phuongpsroskowinski2022|phuongemroskowinski6292@toolmmo.pro|||||06/01/2022 19:20|||||Add_Mail_KP_Z3|||||||||jeninelpborgen1417@gmail.com|jeninepsborgen7669|jenineemborgen3693@toolmmo.pro|||||10/02/2022 20:26|||||Add_Mail_KP_Z3|||||||||willenelpclune8475@gmail.com|willenepsclune8657|willeneemclune4864@toolmmo.pro|||||31/12/2021 03:51|||||Add_Mail_KP_Z3|||||||||shanonlproesler7782@gmail.com|shanonpsroesler7069|shanonemroesler7900@toolmmo.pro|||||23/01/2022 09:35|||||Add_Mail_KP_Z3|||||||||fallonlpfurubotten4881@gmail.com|fallonpsfurubotten6449|fallonemfurubotten3124@toolmmo.pro|||||14/01/2022 14:31|||||Add_Mail_KP_Z3|||||||||mayalpdeglandon8962@gmail.com|mayapsdeglandon6926|mayaemdeglandon7980@toolmmo.pro|||||21/01/2022 00:36|||||Add_Mail_KP_Z3|||||||||kaycelpbuote6691@gmail.com|kaycepsbuote6236|kayceembuote4575@toolmmo.pro|||||01/02/2022 04:23|||||Add_Mail_KP_Z3|||||||||vickilpnadile8834@gmail.com|vickipsnadile2517|vickiemnadile8700@toolmmo.pro|||||04/02/2022 07:14|||||Add_Mail_KP_Z3|||||||||wildalppoinson8608@gmail.com|wildapspoinson9474|wildaempoinson8780@toolmmo.pro|||||21/01/2022 05:47|||||Add_Mail_KP_Z3|||||||||chadwicklpdever2366@gmail.com|chadwickpsdever3053|chadwickemdever6893@toolmmo.pro|||||12/01/2022 19:10|||||Add_Mail_KP_Z3|||||||||xiomaralpdelgatto5657@gmail.com|xiomarapsdelgatto8765|xiomaraemdelgatto8239@toolmmo.pro|||||15/02/2022 18:12|||||Add_Mail_KP_Z3|||||||||donnettelpfurfaro6900@gmail.com|donnettepsfurfaro7845|donnetteemfurfaro5003@toolmmo.pro|||||04/01/2022 03:16|||||Add_Mail_KP_Z3|||||||||carlottalpmaris7479@gmail.com|carlottapsmaris4984|carlottaemmaris5620@toolmmo.pro|||||29/12/2021 12:34|||||Add_Mail_KP_Z3|||||||||tarenlpbarber7268@gmail.com|tarenpsbarber3035|tarenembarber1127@toolmmo.pro|||||20/01/2022 16:18|||||Add_Mail_KP_Z3|||||||||masakolptoussiant2405@gmail.com|masakopstoussiant5352|masakoemtoussiant3500@toolmmo.pro|||||22/01/2022 18:18|||||Add_Mail_KP_Z3|||||||||jacquettalpserpa8165@gmail.com|jacquettapsserpa4849|jacquettaemserpa7955@toolmmo.pro|||||10/01/2022 15:18|||||Add_Mail_KP_Z3|||||||||emelinalpheeter8511@gmail.com|emelinapsheeter6375|emelinaemheeter9320@toolmmo.pro|||||20/01/2022 03:43|||||Add_Mail_KP_Z3|||||||||matildalphauptman7496@gmail.com|matildapshauptman8788|matildaemhauptman6126@toolmmo.pro|||||15/01/2022 21:27|||||Add_Mail_KP_Z3|||||||||augustlpbertaina1436@gmail.com|augustpsbertaina9256|augustembertaina2714@toolmmo.pro|||||30/12/2021 07:14|||||Add_Mail_KP_Z3|||||||||lomalpkrebbs5801@gmail.com|lomapskrebbs9983|lomaemkrebbs2286@toolmmo.pro|||||19/01/2022 06:28|||||Add_Mail_KP_Z3|||||||||aracelilpkrysh2985@gmail.com|aracelipskrysh9586|araceliemkrysh2184@toolmmo.pro|||||24/01/2022 12:41|||||Add_Mail_KP_Z3|||||||||genalpcavezon9903@gmail.com|genapscavezon1550|genaemcavezon1684@toolmmo.pro|||||15/01/2022 14:31|||||Add_Mail_KP_Z3|||||||||felisalpcrier3073@gmail.com|felisapscrier7568|felisaemcrier5861@toolmmo.pro|||||10/02/2022 01:42|||||Add_Mail_KP_Z3|||||||||talishalpmuray6460@gmail.com|talishapsmuray8225|talishaemmuray7888@toolmmo.pro|||||14/01/2022 01:52|||||Add_Mail_KP_Z3|||||||||thereselpkaopua2544@gmail.com|theresepskaopua3814|thereseemkaopua7889@toolmmo.pro|||||08/01/2022 16:12|||||Add_Mail_KP_Z3|||||||||carinalpbuontempo4473@gmail.com|carinapsbuontempo6843|carinaembuontempo7988@toolmmo.pro|||||10/01/2022 19:00|||||Add_Mail_KP_Z3|||||||||vanlptoki3300@gmail.com|vanpstoki8901|vanemtoki4139@toolmmo.pro|||||22/01/2022 07:47|||||Add_Mail_KP_Z3|||||||||kirbylpkobel9474@gmail.com|kirbypskobel7123|kirbyemkobel8258@toolmmo.pro|||||21/01/2022 18:24|||||Add_Mail_KP_Z3|||||||||evanlpmock5874@gmail.com|evanpsmock2196|evanemmock3090@toolmmo.pro|||||19/01/2022 05:53|||||Add_Mail_KP_Z3|||||||||angellpletersky2344@gmail.com|angelpsletersky7043|angelemletersky2659@toolmmo.pro|||||23/01/2022 16:16|||||Add_Mail_KP_Z3|||||||||londalpvoskamp1842@gmail.com|londapsvoskamp3234|londaemvoskamp1097@toolmmo.pro|||||01/02/2022 17:52|||||Add_Mail_KP_Z3|||||||||antwanlpcanupp3576@gmail.com|antwanpscanupp7351|antwanemcanupp6209@toolmmo.pro|||||09/02/2022 17:21|||||Add_Mail_KP_Z3|||||||||danelphone7006@gmail.com|danepshone5121|daneemhone7077@toolmmo.pro|||||19/01/2022 15:57|||||Add_Mail_KP_Z3|||||||||feltonlphickinbotham5016@gmail.com|feltonpshickinbotham1652|feltonemhickinbotham4252@toolmmo.pro|||||08/02/2022 08:13|||||Add_Mail_KP_Z3|||||||||aracelislpscardina9971@gmail.com|aracelispsscardina3582|aracelisemscardina3657@toolmmo.pro|||||17/01/2022 03:55|||||Add_Mail_KP_Z3|||||||||forestlpyendell1341@gmail.com|forestpsyendell3744|forestemyendell5018@toolmmo.pro|||||03/02/2022 04:50|||||Add_Mail_KP_Z3|||||||||cristilpfockler4927@gmail.com|cristipsfockler6536|cristiemfockler3682@toolmmo.pro|||||01/01/2022 05:06|||||Add_Mail_KP_Z3|||||||||casimiralpsayas7910@gmail.com|casimirapssayas9570|casimiraemsayas9603@toolmmo.pro|||||24/01/2022 00:07|||||Add_Mail_KP_Z3|||||||||cleoralpmatheson5097@gmail.com|cleorapsmatheson3853|cleoraemmatheson1471@toolmmo.pro|||||11/01/2022 20:52|||||Add_Mail_KP_Z3|||||||||floridalplevendosky7698@gmail.com|floridapslevendosky9550|floridaemlevendosky9947@toolmmo.pro|||||07/02/2022 06:08|||||Add_Mail_KP_Z3|||||||||nickolaslpgodek3681@gmail.com|nickolaspsgodek7711|nickolasemgodek7819@toolmmo.pro|||||15/02/2022 22:39|||||Add_Mail_KP_Z3|||||||||maryleelpglazer3063@gmail.com|maryleepsglazer4873|maryleeemglazer5920@toolmmo.pro|||||26/01/2022 03:49|||||Add_Mail_KP_Z3|||||||||bronwynlptesh9616@gmail.com|bronwynpstesh4904|bronwynemtesh9546@toolmmo.pro|||||28/12/2021 17:31|||||Add_Mail_KP_Z3|||||||||eralpbeus1047@gmail.com|erapsbeus6928|eraembeus3020@toolmmo.pro|||||20/01/2022 05:28|||||Add_Mail_KP_Z3|||||||||heidelpwillford9411@gmail.com|heidepswillford4421|heideemwillford2364@toolmmo.pro|||||26/01/2022 17:42|||||Add_Mail_KP_Z3|||||||||davidlpvegerano5436@gmail.com|davidpsvegerano7597|davidemvegerano7136@toolmmo.pro|||||03/01/2022 21:53|||||Add_Mail_KP_Z3|||||||||roxanelpmackson4287@gmail.com|roxanepsmackson5765|roxaneemmackson1486@toolmmo.pro|||||15/02/2022 13:08|||||Add_Mail_KP_Z3|||||||||cleolpschiller5154@gmail.com|cleopsschiller3856|cleoemschiller6409@toolmmo.pro|||||22/01/2022 02:29|||||Add_Mail_KP_Z3|||||||||reedlpramsfield5379@gmail.com|reedpsramsfield4718|reedemramsfield2709@toolmmo.pro|||||20/01/2022 05:09|||||Add_Mail_KP_Z3|||||||||haroldlpbrak8569@gmail.com|haroldpsbrak1707|haroldembrak6129@toolmmo.pro|||||10/02/2022 17:43|||||Add_Mail_KP_Z3|||||||||emmalinelptay9016@gmail.com|emmalinepstay5877|emmalineemtay8037@toolmmo.pro|||||10/02/2022 14:40|||||Add_Mail_KP_Z3|||||||||gussielpialongo7192@gmail.com|gussiepsialongo8062|gussieemialongo9183@toolmmo.pro|||||20/01/2022 07:26|||||Add_Mail_KP_Z3|||||||||vinalpbeagan6830@gmail.com|vinapsbeagan7943|vinaembeagan4428@toolmmo.pro|||||11/01/2022 08:14|||||Add_Mail_KP_Z3|||||||||cecilylpseiavitch3166@gmail.com|cecilypsseiavitch4083|cecilyemseiavitch3741@toolmmo.pro|||||26/01/2022 00:51|||||Add_Mail_KP_Z3|||||||||floydlpbowell7143@gmail.com|floydpsbowell7818|floydembowell6158@toolmmo.pro|||||09/02/2022 14:33|||||Add_Mail_KP_Z3|||||||||stanlpmckenrick3755@gmail.com|stanpsmckenrick3508|stanemmckenrick5655@toolmmo.pro|||||11/02/2022 23:29|||||Add_Mail_KP_Z3|||||||||fritzlphenneberger6619@gmail.com|fritzpshenneberger5226|fritzemhenneberger9227@toolmmo.pro|||||19/01/2022 01:56|||||Add_Mail_KP_Z3|||||||||norinelpmickenheim7000@gmail.com|norinepsmickenheim5492|norineemmickenheim2978@toolmmo.pro|||||06/02/2022 11:36|||||Add_Mail_KP_Z3|||||||||lacylpmarina4008@gmail.com|lacypsmarina6124|lacyemmarina4162@toolmmo.pro|||||11/02/2022 11:42|||||Add_Mail_KP_Z3|||||||||rosalindalpkonicki4506@gmail.com|rosalindapskonicki1335|rosalindaemkonicki5452@toolmmo.pro|||||31/01/2022 11:27|||||Add_Mail_KP_Z3|||||||||calandralpgenia4176@gmail.com|calandrapsgenia7155|calandraemgenia9820@toolmmo.pro|||||11/01/2022 18:57|||||Add_Mail_KP_Z3|||||||||jacqulinelpglossner7718@gmail.com|jacqulinepsglossner6194|jacqulineemglossner3480@toolmmo.pro|||||24/01/2022 16:27|||||Add_Mail_KP_Z3|||||||||tracielpjews4768@gmail.com|traciepsjews7078|tracieemjews2629@toolmmo.pro|||||15/02/2022 11:02|||||Add_Mail_KP_Z3|||||||||quentinlpceman2726@gmail.com|quentinpsceman2297|quentinemceman7240@toolmmo.pro|||||01/01/2022 07:14|||||Add_Mail_KP_Z3|||||||||marthlpwallach1753@gmail.com|marthpswallach8657|marthemwallach9872@toolmmo.pro|||||02/01/2022 05:09|||||Add_Mail_KP_Z3|||||||||altagracialpgrix7200@gmail.com|altagraciapsgrix1742|altagraciaemgrix6544@toolmmo.pro|||||10/02/2022 08:42|||||Add_Mail_KP_Z3|||||||||junielpwais2572@gmail.com|juniepswais5037|junieemwais2816@toolmmo.pro|||||15/01/2022 02:18|||||Add_Mail_KP_Z3|||||||||laylalpkerper6985@gmail.com|laylapskerper7855|laylaemkerper1425@toolmmo.pro|||||19/01/2022 02:38|||||Add_Mail_KP_Z3|||||||||lonnalpnaclerio8473@gmail.com|lonnapsnaclerio9491|lonnaemnaclerio4184@toolmmo.pro|||||15/01/2022 07:26|||||Add_Mail_KP_Z3|||||||||nitalpklarman3570@gmail.com|nitapsklarman6095|nitaemklarman3601@toolmmo.pro|||||18/01/2022 04:13|||||Add_Mail_KP_Z3|||||||||reikolpmodine5413@gmail.com|reikopsmodine5752|reikoemmodine1952@toolmmo.pro|||||12/01/2022 23:12|||||Add_Mail_KP_Z3|||||||||delanalpgerardi1224@gmail.com|delanapsgerardi4353|delanaemgerardi9094@toolmmo.pro|||||06/02/2022 01:22|||||Add_Mail_KP_Z3|||||||||tressielpmaddox6565@gmail.com|tressiepsmaddox2952|tressieemmaddox5483@toolmmo.pro|||||16/01/2022 09:19|||||Add_Mail_KP_Z3|||||||||alonalpdinger5525@gmail.com|alonapsdinger8762|alonaemdinger1487@toolmmo.pro|||||23/01/2022 22:17|||||Add_Mail_KP_Z3|||||||||shirleenlpbratton7992@gmail.com|shirleenpsbratton6810|shirleenembratton2026@toolmmo.pro|||||22/01/2022 19:39|||||Add_Mail_KP_Z3|||||||||lovettalpdursteler6084@gmail.com|lovettapsdursteler6566|lovettaemdursteler7996@toolmmo.pro|||||09/02/2022 03:39|||||Add_Mail_KP_Z3|||||||||danicalpwashinski4619@gmail.com|danicapswashinski5545|danicaemwashinski3918@toolmmo.pro|||||25/01/2022 19:41|||||Add_Mail_KP_Z3|||||||||changlpreindl7942@gmail.com|changpsreindl6459|changemreindl3030@toolmmo.pro|||||12/01/2022 16:25|||||Add_Mail_KP_Z3|||||||||stacylpsepvlieda2649@gmail.com|stacypssepvlieda7860|stacyemsepvlieda3307@toolmmo.pro|||||13/01/2022 02:46|||||Add_Mail_KP_Z3|||||||||leolpvancura9949@gmail.com|leopsvancura4638|leoemvancura7684@toolmmo.pro|||||10/01/2022 15:47|||||Add_Mail_KP_Z3|||||||||felixlphoolihan2535@gmail.com|felixpshoolihan9006|felixemhoolihan9348@toolmmo.pro|||||30/12/2021 16:02|||||Add_Mail_KP_Z3|||||||||melonielpkundinger4291@gmail.com|meloniepskundinger3770|melonieemkundinger2249@toolmmo.pro|||||19/01/2022 10:39|||||Add_Mail_KP_Z3|||||||||cristilplonghurst1393@gmail.com|cristipslonghurst3228|cristiemlonghurst3974@toolmmo.pro|||||25/01/2022 06:14|||||Add_Mail_KP_Z3|||||||||marklpholsomback2921@gmail.com|markpsholsomback5947|markemholsomback1346@toolmmo.pro|||||10/02/2022 05:14|||||Add_Mail_KP_Z3|||||||||malorielptrainum9185@gmail.com|maloriepstrainum5062|malorieemtrainum6950@toolmmo.pro|||||10/02/2022 02:22|||||Add_Mail_KP_Z3|||||||||garylpsweigert4637@gmail.com|garypssweigert2825|garyemsweigert5972@toolmmo.pro|||||07/02/2022 14:40|||||Add_Mail_KP_Z3|||||||||marcialpmickler9877@gmail.com|marciapsmickler8140|marciaemmickler3294@toolmmo.pro|||||02/01/2022 09:51|||||Add_Mail_KP_Z3|||||||||terinalpstrasburger2830@gmail.com|terinapsstrasburger9420|terinaemstrasburger3630@toolmmo.pro|||||17/01/2022 23:41|||||Add_Mail_KP_Z3|||||||||hectorlpfagnan2261@gmail.com|hectorpsfagnan8529|hectoremfagnan7432@toolmmo.pro|||||19/01/2022 23:35|||||Add_Mail_KP_Z3|||||||||jeffereylpabney2360@gmail.com|jeffereypsabney5468|jeffereyemabney5823@toolmmo.pro|||||11/01/2022 03:24|||||Add_Mail_KP_Z3|||||||||margelpmeikle9959@gmail.com|margepsmeikle3308|margeemmeikle8285@toolmmo.pro|||||13/01/2022 03:28|||||Add_Mail_KP_Z3|||||||||shanelpcroxen9358@gmail.com|shanepscroxen3877|shaneemcroxen3080@toolmmo.pro|||||20/01/2022 17:46|||||Add_Mail_KP_Z3|||||||||danutalpangelle2235@gmail.com|danutapsangelle7126|danutaemangelle9203@toolmmo.pro|||||06/01/2022 08:40|||||Add_Mail_KP_Z3|||||||||aracelislpmuckle7068@gmail.com|aracelispsmuckle2619|aracelisemmuckle5722@toolmmo.pro|||||02/01/2022 01:21|||||Add_Mail_KP_Z3|||||||||shaunlpklemanski2583@gmail.com|shaunpsklemanski8050|shaunemklemanski6205@toolmmo.pro|||||22/01/2022 20:29|||||Add_Mail_KP_Z3|||||||||valerialpkatten9088@gmail.com|valeriapskatten6618|valeriaemkatten8059@toolmmo.pro|||||08/01/2022 09:39|||||Add_Mail_KP_Z3|||||||||audrealpdouglass3806@gmail.com|audreapsdouglass1212|audreaemdouglass6717@toolmmo.pro|||||31/12/2021 21:45|||||Add_Mail_KP_Z3|||||||||lemuellplucear4046@gmail.com|lemuelpslucear8455|lemuelemlucear4625@toolmmo.pro|||||18/01/2022 15:58|||||Add_Mail_KP_Z3|||||||||londalpaumick6180@gmail.com|londapsaumick2237|londaemaumick9054@toolmmo.pro|||||22/01/2022 03:51|||||Add_Mail_KP_Z3|||||||||janessalpbraunwarth2145@gmail.com|janessapsbraunwarth6561|janessaembraunwarth9660@toolmmo.pro|||||18/01/2022 03:34|||||Add_Mail_KP_Z3|||||||||shinlpkristan7845@gmail.com|shinpskristan9937|shinemkristan7098@toolmmo.pro|||||07/02/2022 19:53|||||Add_Mail_KP_Z3|||||||||daisylpcarlill1110@gmail.com|daisypscarlill9405|daisyemcarlill1108@toolmmo.pro|||||20/01/2022 11:40|||||Add_Mail_KP_Z3|||||||||ayakolplochte6376@gmail.com|ayakopslochte2764|ayakoemlochte4590@toolmmo.pro|||||16/01/2022 02:30|||||Add_Mail_KP_Z3|||||||||changlpellingsworth4735@gmail.com|changpsellingsworth6502|changemellingsworth1966@toolmmo.pro|||||10/01/2022 07:32|||||Add_Mail_KP_Z3|||||||||milagrolpnumbers8052@gmail.com|milagropsnumbers4877|milagroemnumbers6834@toolmmo.pro|||||18/01/2022 07:14|||||Add_Mail_KP_Z3|||||||||adelinelphoms2801@gmail.com|adelinepshoms9663|adelineemhoms2363@toolmmo.pro|||||30/12/2021 12:57|||||Add_Mail_KP_Z3|||||||||luanalpcapurro4517@gmail.com|luanapscapurro9361|luanaemcapurro2920@toolmmo.pro|||||23/01/2022 18:28|||||Add_Mail_KP_Z3|||||||||honglplemmert9121@gmail.com|hongpslemmert4480|hongemlemmert6349@toolmmo.pro|||||20/01/2022 20:09|||||Add_Mail_KP_Z3|||||||||nikilpmankoski9618@gmail.com|nikipsmankoski4887|nikiemmankoski7906@toolmmo.pro|||||01/01/2022 08:03|||||Add_Mail_KP_Z3|||||||||lucylpcriblez9670@gmail.com|lucypscriblez5131|lucyemcriblez5470@toolmmo.pro|||||17/01/2022 09:25|||||Add_Mail_KP_Z3|||||||||gracielphollyfield7055@gmail.com|graciepshollyfield1791|gracieemhollyfield9987@toolmmo.pro|||||03/02/2022 02:14|||||Add_Mail_KP_Z3|||||||||francislpmorrales1605@gmail.com|francispsmorrales7332|francisemmorrales8464@toolmmo.pro|||||21/01/2022 19:21|||||Add_Mail_KP_Z3|||||||||lavernlpsmyer8067@gmail.com|lavernpssmyer3672|lavernemsmyer8643@toolmmo.pro|||||24/01/2022 23:18|||||Add_Mail_KP_Z3|||||||||marlolpmeaseck4738@gmail.com|marlopsmeaseck1859|marloemmeaseck7024@toolmmo.pro|||||14/01/2022 10:44|||||Add_Mail_KP_Z3|||||||||delphinelpmancine1506@gmail.com|delphinepsmancine5578|delphineemmancine5339@toolmmo.pro|||||24/01/2022 01:07|||||Add_Mail_KP_Z3|||||||||bradlylppugsley9019@gmail.com|bradlypspugsley2296|bradlyempugsley3649@toolmmo.pro|||||19/01/2022 00:16|||||Add_Mail_KP_Z3|||||||||ethalploghry4059@gmail.com|ethapsloghry2173|ethaemloghry9522@toolmmo.pro|||||21/01/2022 12:59|||||Add_Mail_KP_Z3|||||||||toralpelicker2608@gmail.com|torapselicker5418|toraemelicker1002@toolmmo.pro|||||11/01/2022 15:35|||||Add_Mail_KP_Z3|||||||||fredericklpmalavet9220@gmail.com|frederickpsmalavet4375|frederickemmalavet5692@toolmmo.pro|||||02/02/2022 02:16|||||Add_Mail_KP_Z3|||||||||edmondlpandrson8999@gmail.com|edmondpsandrson1007|edmondemandrson7329@toolmmo.pro|||||07/02/2022 08:18|||||Add_Mail_KP_Z3|||||||||angelenalpwickersheim4677@gmail.com|angelenapswickersheim5910|angelenaemwickersheim3311@toolmmo.pro|||||15/02/2022 23:19|||||Add_Mail_KP_Z3|||||||||waylonlpdearmond2296@gmail.com|waylonpsdearmond6088|waylonemdearmond4018@toolmmo.pro|||||17/01/2022 17:08|||||Add_Mail_KP_Z3|||||||||berniecelpclubb5364@gmail.com|berniecepsclubb2432|bernieceemclubb9969@toolmmo.pro|||||22/01/2022 04:08|||||Add_Mail_KP_Z3|||||||||zofialpbillesbach2380@gmail.com|zofiapsbillesbach3396|zofiaembillesbach7580@toolmmo.pro|||||11/01/2022 10:50|||||Add_Mail_KP_Z3|||||||||ethelynlpfalknor1054@gmail.com|ethelynpsfalknor3999|ethelynemfalknor4049@toolmmo.pro|||||29/12/2021 00:52|||||Add_Mail_KP_Z3|||||||||alishalpjurczak2974@gmail.com|alishapsjurczak6890|alishaemjurczak1300@toolmmo.pro|||||09/02/2022 06:49|||||Add_Mail_KP_Z3|||||||||mckenzielprosene8280@gmail.com|mckenziepsrosene5703|mckenzieemrosene4737@toolmmo.pro|||||31/12/2021 17:09|||||Add_Mail_KP_Z3|||||||||nomalpingold1951@gmail.com|nomapsingold5152|nomaemingold8570@toolmmo.pro|||||09/02/2022 15:10|||||Add_Mail_KP_Z3|||||||||muoilpmantel8213@gmail.com|muoipsmantel9599|muoiemmantel7496@toolmmo.pro|||||18/01/2022 21:17|||||Add_Mail_KP_Z3|||||||||rubielpflecha3188@gmail.com|rubiepsflecha4546|rubieemflecha1993@toolmmo.pro|||||22/01/2022 06:14|||||Add_Mail_KP_Z3|||||||||rickilpmallen7345@gmail.com|rickipsmallen7338|rickiemmallen2772@toolmmo.pro|||||10/02/2022 01:23|||||Add_Mail_KP_Z3|||||||||jackquelinelpmeridieth6725@gmail.com|jackquelinepsmeridieth5550|jackquelineemmeridieth9530@toolmmo.pro|||||04/02/2022 07:31|||||Add_Mail_KP_Z3|||||||||marrylptharrington1821@gmail.com|marrypstharrington1052|marryemtharrington7169@toolmmo.pro|||||04/01/2022 19:07|||||Add_Mail_KP_Z3|||||||||sharenlpvirella1792@gmail.com|sharenpsvirella4296|sharenemvirella9071@toolmmo.pro|||||31/12/2021 04:09|||||Add_Mail_KP_Z3|||||||||stephanielpmonterroso6361@gmail.com|stephaniepsmonterroso4412|stephanieemmonterroso5110@toolmmo.pro|||||01/01/2022 17:19|||||Add_Mail_KP_Z3|||||||||neelylpstaszak6297@gmail.com|neelypsstaszak5876|neelyemstaszak3100@toolmmo.pro|||||22/01/2022 03:37|||||Add_Mail_KP_Z3|||||||||tishlprota8226@gmail.com|tishpsrota7205|tishemrota4677@toolmmo.pro|||||04/02/2022 20:24|||||Add_Mail_KP_Z3|||||||||carmonlpcooksley2516@gmail.com|carmonpscooksley5825|carmonemcooksley6174@toolmmo.pro|||||30/01/2022 17:44|||||Add_Mail_KP_Z3|||||||||quianalpmunzell9430@gmail.com|quianapsmunzell9253|quianaemmunzell9024@toolmmo.pro|||||16/02/2022 05:29|||||Add_Mail_KP_Z3|||||||||annellelpmcclinsey3226@gmail.com|annellepsmcclinsey5017|annelleemmcclinsey3522@toolmmo.pro|||||08/01/2022 16:12|||||Add_Mail_KP_Z3|||||||||othalptorregrossa8944@gmail.com|othapstorregrossa2174|othaemtorregrossa5392@toolmmo.pro|||||31/12/2021 00:56|||||Add_Mail_KP_Z3|||||||||natachalprubottom7004@gmail.com|natachapsrubottom1565|natachaemrubottom3480@toolmmo.pro|||||20/01/2022 13:47|||||Add_Mail_KP_Z3|||||||||maudelpnatt2852@gmail.com|maudepsnatt8466|maudeemnatt6165@toolmmo.pro|||||22/01/2022 19:06|||||Add_Mail_KP_Z3|||||||||jesselpkemerling6374@gmail.com|jessepskemerling6572|jesseemkemerling3681@toolmmo.pro|||||04/02/2022 14:06|||||Add_Mail_KP_Z3|||||||||todlptidd7899@gmail.com|todpstidd8064|todemtidd4983@toolmmo.pro|||||10/02/2022 06:14|||||Add_Mail_KP_Z3|||||||||kelsielpcapponi2549@gmail.com|kelsiepscapponi9142|kelsieemcapponi5496@toolmmo.pro|||||16/02/2022 06:38|||||Add_Mail_KP_Z3|||||||||tamicalpheral9085@gmail.com|tamicapsheral5524|tamicaemheral3033@toolmmo.pro|||||07/01/2022 15:30|||||Add_Mail_KP_Z3|||||||||genevievelpjaekel1604@gmail.com|genevievepsjaekel7663|genevieveemjaekel2108@toolmmo.pro|||||21/01/2022 03:35|||||Add_Mail_KP_Z3|||||||||marialpkahley8582@gmail.com|mariapskahley8428|mariaemkahley4718@toolmmo.pro|||||23/01/2022 13:40|||||Add_Mail_KP_Z3|||||||||jennelllpvega8141@gmail.com|jennellpsvega9675|jennellemvega7772@toolmmo.pro|||||25/01/2022 23:23|||||Add_Mail_KP_Z3|||||||||christoperlplohrman5659@gmail.com|christoperpslohrman5771|christoperemlohrman8195@toolmmo.pro|||||05/01/2022 11:16|||||Add_Mail_KP_Z3|||||||||beckilpvlcek9563@gmail.com|beckipsvlcek6213|beckiemvlcek2663@toolmmo.pro|||||13/01/2022 13:53|||||Add_Mail_KP_Z3|||||||||charlsielpditch2412@gmail.com|charlsiepsditch6171|charlsieemditch2550@toolmmo.pro|||||15/02/2022 19:49|||||Add_Mail_KP_Z3|||||||||larissalpquercia5355@gmail.com|larissapsquercia6727|larissaemquercia9788@toolmmo.pro|||||03/02/2022 13:41|||||Add_Mail_KP_Z3|||||||||carlitalpsmolko3103@gmail.com|carlitapssmolko1261|carlitaemsmolko6638@toolmmo.pro|||||25/01/2022 04:18|||||Add_Mail_KP_Z3|||||||||joycelynlpwilemon9533@gmail.com|joycelynpswilemon6079|joycelynemwilemon8892@toolmmo.pro|||||17/01/2022 22:54|||||Add_Mail_KP_Z3|||||||||brunolpgies9150@gmail.com|brunopsgies1663|brunoemgies6044@toolmmo.pro|||||21/01/2022 21:25|||||Add_Mail_KP_Z3|||||||||ileanalpyung7507@gmail.com|ileanapsyung1034|ileanaemyung9540@toolmmo.pro|||||10/01/2022 12:37|||||Add_Mail_KP_Z3|||||||||darlenelprichburg9917@gmail.com|darlenepsrichburg7379|darleneemrichburg7449@toolmmo.pro|||||13/01/2022 01:34|||||Add_Mail_KP_Z3|||||||||lachellelpwycoff3474@gmail.com|lachellepswycoff8986|lachelleemwycoff6365@toolmmo.pro|||||07/02/2022 11:15|||||Add_Mail_KP_Z3|||||||||celenalpgromoll1873@gmail.com|celenapsgromoll2241|celenaemgromoll7178@toolmmo.pro|||||06/01/2022 16:50|||||Add_Mail_KP_Z3|||||||||annitalprohrs6744@gmail.com|annitapsrohrs1713|annitaemrohrs8853@toolmmo.pro|||||23/01/2022 02:09|||||Add_Mail_KP_Z3|||||||||elmalpheigh3898@gmail.com|elmapsheigh4401|elmaemheigh1498@toolmmo.pro|||||02/02/2022 23:57|||||Add_Mail_KP_Z3|||||||||manylpcokel1323@gmail.com|manypscokel6757|manyemcokel6583@toolmmo.pro|||||18/01/2022 15:47|||||Add_Mail_KP_Z3|||||||||lakendralpaxt2880@gmail.com|lakendrapsaxt9600|lakendraemaxt8656@toolmmo.pro|||||07/02/2022 21:39|||||Add_Mail_KP_Z3|||||||||rosariolpzins7452@gmail.com|rosariopszins5109|rosarioemzins5212@toolmmo.pro|||||14/01/2022 01:54|||||Add_Mail_KP_Z3|||||||||delphinelpflowe5909@gmail.com|delphinepsflowe3399|delphineemflowe1282@toolmmo.pro|||||22/01/2022 07:41|||||Add_Mail_KP_Z3|||||||||