amermohmed219@gmail.com|o***s25591|amermohmed2191@hotmail.com|changePass ok, changeEmailRecovery okali0103864@gmail.com|o***s25591|ali01038641@hotmail.com|changePass ok, changeEmailRecovery okalsayedatouan@gmail.com|o***s25591|alsayedatouan1@hotmail.com|changePass ok, changeEmailRecovery okaliisameil0@gmail.com|o***s25591|aliisameil01@hotmail.com|changePass ok, changeEmailRecovery okayah23596@gmail.com|o***s2559||Mật khẩu của bạn đã thay đổi 7 giờ trướcnkaoqoq@gmail.com|o***s25591|nkaoqoq1@hotmail.com|changePass ok, changeEmailRecovery okmbrwkabwywsfmbrwk@gmail.com|o***s25591|mbrwkabwywsfmbrwk1@hotmail.com|changePass ok, changeEmailRecovery okaljzaraljzaw23@gmail.com|o***s2559||Số này không khớp với số mà bạn đã cung cấp. Hãy thử lại.elmaghrareham@gmail.com|o***s25591|elmaghrareham1@hotmail.com|changePass ok, changeEmailRecovery okg73193205@gmail.com|o***s2559||iapmizoa9509@gmail.com|o***s25591|mizoa95091@hotmail.com|changePass ok, changeEmailRecovery okamalabdallah010@gmail.com|o***s25591|amalabdallah0101@hotmail.com|changePass ok, changeEmailRecovery okwafaa.fawzy969@gmail.com|o***s25591|wafaa.fawzy9691@hotmail.com|changePass ok, changeEmailRecovery okyasserelbassuny895@gmail.com|o***s2559||لا يتطابق هذا الرقم مع الرقم الذي أدخلته. يُرجى إعادة المحاولة.af665562@gmail.com|o***s25591|af6655621@hotmail.com|changePass ok, changeEmailRecovery okmahmwdnsr870@gmail.com|o***s25591|mahmwdnsr8701@hotmail.com|changePass ok, changeEmailRecovery okammarnassar64@gmail.com|o***s25591|ammarnassar641@hotmail.com|changePass ok, changeEmailRecovery okwsfyabrahym782@gmail.com|o***s25591|wsfyabrahym7821@hotmail.com|changePass ok, changeEmailRecovery okmwmy3111@gmail.com|o***s25591|mwmy31111@hotmail.com|changePass ok, changeEmailRecovery okbdalhmydalbd69@gmail.com|o***s25591|bdalhmydalbd691@hotmail.com|changePass ok, changeEmailRecovery okalkmrymhmdsd@gmail.com|o***s25591|alkmrymhmdsd1@hotmail.com|changePass ok, changeEmailRecovery okrenadstart123@gmail.com|o***s25591|renadstart1231@hotmail.com|changePass ok, changeEmailRecovery okbasmabwryh17@gmail.com|o***s25591|basmabwryh171@hotmail.com|changePass ok, changeEmailRecovery okeng.ahmedatia99@gmail.com|o***s25591|eng.ahmedatia991@hotmail.com|changePass ok, changeEmailRecovery okmarawanmohamed010600@gmail.com|o***s2559||iapnormode83@gmail.com|o***s25591|normode831@hotmail.com|changePass ok, changeEmailRecovery okrsaleham@gmail.com|o***s2559||Your password was changed 7 hours agohananahmed8359@gmail.com|o***s25591|hananahmed83591@hotmail.com|changePass ok, changeEmailRecovery okkalnjar989@gmail.com|o***s25591|kalnjar9891@hotmail.com|changePass ok, changeEmailRecovery okrsd496190@gmail.com|o***s25591|rsd4961901@hotmail.com|changePass ok, changeEmailRecovery okbbdalrhmnbdalrhmn056@gmail.com|o***s25591|bbdalrhmnbdalrhmn0561@hotmail.com|changePass ok, changeEmailRecovery okareda1191@gmail.com|o***s25591|areda11911@hotmail.com|changePass ok, changeEmailRecovery okshabanmoy.123.sh@gmail.com|o***s25591|shabanmoy.123.sh1@hotmail.com|changePass ok, changeEmailRecovery okalmghwrymhmwd7@gmail.com|o***s25591|almghwrymhmwd71@hotmail.com|changePass ok, changeEmailRecovery oksafaaeltaeb@gmail.com|o***s25591|safaaeltaeb1@hotmail.com|changePass ok, changeEmailRecovery okhhaesa7@gmail.com|o***s25591|hhaesa71@hotmail.com|changePass ok, changeEmailRecovery okmohammed.radwan1961@gmail.com|o***s2559||iapaya196803@gmail.com|o***s2559||Your password was changed 21 hours agonyrmynshakr00@gmail.com|o***s25591|nyrmynshakr001@hotmail.com|changePass ok, changeEmailRecovery okhhmza0065@gmail.com|o***s25591|hhmza00651@hotmail.com|changePass ok, changeEmailRecovery oksaidalharm919@gmail.com|o***s25591|saidalharm9191@hotmail.com|changePass ok, changeEmailRecovery okhabwhmyd580@gmail.com|o***s2559||لا يتطابق هذا الرقم مع الرقم الذي أدخلته. يُرجى إعادة المحاولة.alyelbatal3@gmail.com|o***s25591|alyelbatal31@hotmail.com|changePass ok, changeEmailRecovery okmryanashrffarwq@gmail.com|o***s25591|mryanashrffarwq1@hotmail.com|changePass ok, changeEmailRecovery okhamzyhamzyh@gmail.com|o***s2559||no.input.recoverynaemarozfy@gmail.com|o***s25591|naemarozfy1@hotmail.com|changePass ok, changeEmailRecovery okhshyshzynb25@gmail.com|o***s25591|hshyshzynb251@hotmail.com|changePass ok, changeEmailRecovery oksafwatkamal04@gmail.com|o***s25591|safwatkamal041@hotmail.com|changePass ok, changeEmailRecovery okbasmtitobb@gmail.com|o***s2559||challenge.dpomniahegazy359@gmail.com|o***s2559||no.input.recoverycmeagher681@gmail.com|NQMmsm0ybd|carolmeagher1sz31@yahoo.com|challenge.iapcorneliashlomo@gmail.com|Mvq9sssH36|shlomocornelia2c034@yahoo.com|challenge.iapanaaubrie@gmail.com|Nnvqsfmc|aubrieanaha747@yahoo.com|challenge.iapsidwohlmozza@gmail.com|6alHnd6bvv|sidwohlmozzagqz84@yahoo.com|challenge.iaphertbergessence@gmail.com|d9m1fltia|essencehertbergmw155@yahoo.com|challenge.iapirwintrixie8@gmail.com|hmqQ809fcQ|irwintrixieqny12@yahoo.com|signin.rejectedkarlclifflennardishaan@gmail.com|nRukyxicaN|lennardishaankarlcliff4ev81@yahoo.com|challenge.iaparlenkalb@gmail.com|geB1eoQA5|kalbarlen72636@yahoo.com|signin.rejectedernestinerobinetta@gmail.com|g6k5gMdeHM|ernestinerobinetta4on80@yahoo.com|challenge.iap