nkaoqoq@gmail.com|o***s25591|nkaoqoq1@hotmail.com|2021|login ok|||01060085303|||||||mbrwkabwywsfmbrwk@gmail.com|mbrwkabwywsfmbrwk6000|mbrwkabwywsfmbrwk6945@hotmail.com|2021|login ok||Egypt|01060085347|no.voice|ok|||||elmaghrareham@gmail.com|o***s25591|elmaghrareham1@hotmail.com||changePass ok, changeEmailRecovery ok|||01060085646|||||||mizoa9509@gmail.com|o***s25591|mizoa95091@hotmail.com||changePass ok, changeEmailRecovery ok|||01060085984|||||||amalabdallah010@gmail.com|o***s25591|amalabdallah0101@hotmail.com||changePass ok, changeEmailRecovery ok|||01060086081|||||||wafaa.fawzy969@gmail.com|o***s25591|wafaa.fawzy9691@hotmail.com||changePass ok, changeEmailRecovery ok|||01060086162|||||||af665562@gmail.com|o***s25591|af6655621@hotmail.com||changePass ok, changeEmailRecovery ok|||01060086532|||||||mahmwdnsr870@gmail.com|o***s25591|mahmwdnsr8701@hotmail.com||changePass ok, changeEmailRecovery ok|||01060086596|||||||ammarnassar64@gmail.com|o***s25591|ammarnassar641@hotmail.com||changePass ok, changeEmailRecovery ok|||01060086599|||||||wsfyabrahym782@gmail.com|o***s25591|wsfyabrahym7821@hotmail.com||changePass ok, changeEmailRecovery ok|||01060086821|||||||mwmy3111@gmail.com|o***s25591|mwmy31111@hotmail.com||changePass ok, changeEmailRecovery ok|||01060086898|||||||bdalhmydalbd69@gmail.com|o***s25591|bdalhmydalbd691@hotmail.com||changePass ok, changeEmailRecovery ok|||01060086990|||||||alkmrymhmdsd@gmail.com|o***s25591|alkmrymhmdsd1@hotmail.com||changePass ok, changeEmailRecovery ok|||01060087225|||||||renadstart123@gmail.com|o***s25591|renadstart1231@hotmail.com||changePass ok, changeEmailRecovery ok|||01060087401|||||||basmabwryh17@gmail.com|o***s25591|basmabwryh171@hotmail.com||changePass ok, changeEmailRecovery ok|||01060087412|||||||eng.ahmedatia99@gmail.com|o***s25591|eng.ahmedatia991@hotmail.com||changePass ok, changeEmailRecovery ok|||01060087878|||||||normode83@gmail.com|o***s25591|normode831@hotmail.com||changePass ok, changeEmailRecovery ok|||01060087966|||||||hananahmed8359@gmail.com|o***s25591|hananahmed83591@hotmail.com||changePass ok, changeEmailRecovery ok|||01060088238|||||||kalnjar989@gmail.com|o***s25591|kalnjar9891@hotmail.com||changePass ok, changeEmailRecovery ok|||01060088287|||||||rsd496190@gmail.com|o***s25591|rsd4961901@hotmail.com||changePass ok, changeEmailRecovery ok|||01060088688|||||||bbdalrhmnbdalrhmn056@gmail.com|o***s25591|bbdalrhmnbdalrhmn0561@hotmail.com||changePass ok, changeEmailRecovery ok|||01060089308|||||||areda1191@gmail.com|o***s25591|areda11911@hotmail.com||changePass ok, changeEmailRecovery ok|||01060089558|||||||shabanmoy.123.sh@gmail.com|o***s25591|shabanmoy.123.sh1@hotmail.com||changePass ok, changeEmailRecovery ok|||01060089714|||||||almghwrymhmwd7@gmail.com|o***s25591|almghwrymhmwd71@hotmail.com||changePass ok, changeEmailRecovery ok|||01060089734|||||||safaaeltaeb@gmail.com|o***s25591|safaaeltaeb1@hotmail.com||changePass ok, changeEmailRecovery ok|||01060089795|||||||hhaesa7@gmail.com|o***s25591|hhaesa71@hotmail.com||changePass ok, changeEmailRecovery ok|||01060090061|||||||nyrmynshakr00@gmail.com|o***s25591|nyrmynshakr001@hotmail.com||changePass ok, changeEmailRecovery ok|||01060091748|||||||hhmza0065@gmail.com|o***s25591|hhmza00651@hotmail.com||changePass ok, changeEmailRecovery ok|||01060092685|||||||saidalharm919@gmail.com|o***s25591|saidalharm9191@hotmail.com||changePass ok, changeEmailRecovery ok|||01060092800|||||||alyelbatal3@gmail.com|o***s25591|alyelbatal31@hotmail.com||changePass ok, changeEmailRecovery ok|||01060094085|||||||mryanashrffarwq@gmail.com|o***s25591|mryanashrffarwq1@hotmail.com||changePass ok, changeEmailRecovery ok|||01553915064|||||||naemarozfy@gmail.com|o***s25591|naemarozfy1@hotmail.com||changePass ok, changeEmailRecovery ok|||01277455269|||||||hshyshzynb25@gmail.com|o***s25591|hshyshzynb251@hotmail.com||changePass ok, changeEmailRecovery ok|||01277455858|||||||safwatkamal04@gmail.com|o***s25591|safwatkamal041@hotmail.com||changePass ok, changeEmailRecovery ok|||01277456756|||||||sajawalakbar49@gmail.com|Ybizkfaohivx|mtujongeqinx671678@gmail.com||login ok||||||||||sasha.besaga1@gmail.com|r2z8qqhvyv1|ArcherRupertv39@hotmail.com||restore.disable.ok||||||||||sebaspy2011@gmail.com|lfoua37hdd1|HoughtonMargotd45@hotmail.com||restore.disable.ok||||||||||oriazut2@gmail.com|H34EysZeMD|DenizNolanD64@hotmail.com||login ok||||||||||lolo7200343@gmail.com|911e0i3dkg|ChoiNajmag17@hotmail.com||login ok||||||||||alinagarlik3@gmail.com|poewgjjfwv|ElyasEnglandv36@hotmail.com||login ok||||||||||silas.stockmann3453@gmail.com|x7hwq9est4|HoughtonKhadeeja491@hotmail.com||login ok||||||||||ivaginario2@gmail.com|5fDNjo7L27|DomasEstes714@hotmail.com||login ok||||||||||zeidbuljubasic33@gmail.com|jmv9sdihla|CorbenDurhama45@hotmail.com||login ok||||||||||saluuhans1@gmail.com|FrNS6TLWvU|JessicaRuizU115738@hotmail.com||restore.disable.ok||||||||||marj74934@gmail.com|87ZhuV5dLE3p1|marj74938123471@hotmail.com||login ok||||3126008960||||||vipqatar1018@gmail.com|pronob%@#bv1|gooprankhan123451@hotmail.com||login ok||||unable.voice||||||kroegerbenjamin1@gmail.com|t91gpuhhc6|CassandraStewart612@hotmail.com||login ok||||no.voice||||||santileon853@gmail.com|56388kw1ot|IraWebert26@hotmail.com||login ok||||no.voice||||||00001031473865sp@al.educacao.sp.gov.br|00001031473865sp3405||2020|login ok|||captcha3|||||||00001031475114sp@al.educacao.sp.gov.br|00001031475114sp4111||2020|login ok|||captcha3|||||||thienle31122000@gmail.com|thienle311220004540|qam6mgzfep4726@outlook.com|2017|login ok|||Timeout|||||||duyenle12101998@gmail.com|duyenle121019984604|qam6ijuywp6722@outlook.com|2017|login ok|||Timeout|||||||thienle22092002@gmail.com|thienle220920024554|qam6colpmf3462@outlook.com|2018|login ok|||Timeout|||||||eliozxk82@gmail.com|hVYpWEqHIi|KerriDuggani20@hotmail.com|2020|login ok||||||||||ochomogo211@gmail.com|3aqxwjrm0w|CeciliaHansenw72@hotmail.com|2016|login ok|no.channel|||||||||brandon.cantero3@gmail.com|qi7kwl3tt0|IgnacyMiddleton028@hotmail.com||login ok|Timeout|||||||||adairisperez1@gmail.com|48QoqgiwvS|BilaalRyanvS2@hotmail.com||login ok|disable|||||||||03017881484dil@gmail.com|03017881484dil4126|03017881484dil5531@hotmail.com|2022|login ok||||||no||||Duongdinhtoan1993xyz3944@vanvuprovn.us|Vuanvan1986|Leantrinh1985zxc3944@yahoo.com||login ok||||||yes||||vitorboota@gmail.com|Dangtung0204|vitorboota4859pbm@hotmail.com|2021|login ok|||||||have.payment|||akhmatullah4@gmail.com|Quocviet9917|akhmatullah49015pbm@hotmail.com||login ok|||||||payment.closed|||nagrazain207@gmail.com|Dinhluuly147|nagrazain2071952pbm@hotmail.com||login ok|||||||no.payment|||temrotha1@gmail.com|hgFckf4cpywx|hgVnaeJa0iFxcy@outlook.com|2021|login ok||||||||||impium3@gmail.com|7YvSGciUDm|bangkaoke2@gmail.com|2013|login ok||||||||||zeedros1@gmail.com|fKjGNNNxx0|NabilWilliam29823@hotmail.com|cannot.check|login ok||||||||||mahabub38861515|JacKMenF3362022|copqilicqunz289522@hotmail.com|2018|login ok||||||||46584383,83558829,26849699,17824569,37273442,I8623837,83027901||mamdouhsaf70@gmail.com|hg0lsiStJlbw|hgFlUqjiMbAeme@outlook.com|2019|login ok|||||||no.pay|||ls3567653@gmail.com|hgUyFuwkNcgy|hgZbEmbwIicvri@outlook.com||login ok||||||||||ranadeepreddy90@gmail.com|hgIfdgEwJyok|hgeiQmiyVdSeeu@outlook.com|2019|login ok|||||||delete.success|||loiseawuor9@gmail.com|hgIzdgEnJlsw|hgeqQcihViSucy@outlook.com|2019|login ok|||||||delete.success|||zulfiqarrana827@gmail.com|hgjgHgXwVoah|hgDkotUeYpLuww@outlook.com|2020|login ok|||||no.phone.recovery||fail.payment||ok.confirm|gurungrajan8524@gmail.com|hgJuFs3k9gfw|hg1tKpAsDcHqkr@outlook.com||login ok||||||||||nguyendoan7374@gmail.com|qamlyoupzmwo0042|qamlaalbrm4460@outlook.com||login ok||||||||||hoanganhtuan393@gmail.com|q6lokhyex1833|q6loffbltil5884@gmail.com||login ok||||||||||thuthom11111@gmail.com|q6tiqqkxn0457|q6tkyfsyqkx8777@gmail.com||login ok||||||||||mudiyusuf2020@gmail.com|mudiyusuf20204539|sima123456@outlook.com|2020|login ok|||||no.phone.recovery||delete.success|changePass ok|ok.notifications|mounisali7385@gmail.com|mounisali73854648|yhyyalghwyl282@yahoo.com||login ok|||||no.phone.recovery||||ok.confirm|agalibaye135@gmail.com|hgGjJxsqwmqp|hgBiAgUpehtgsm@outlook.com||login ok|||||no.phone.recovery||||ok.confirm|davikahannye00@gmail.com|hgFvTlIlZpoi|hgfk9dBgFkpazp@outlook.com||login ok|||||no.phone.recovery||||ok.confirm|ok.logouttrfonlopez@gmail.com|MWAteqygRRxh|trfonlopeznmrx@hotmail.com||login ok||||||||||sebar1837@saoke.us|11111|||ok.khoiphuc||||||||||maf575831@gmail.com|TGIyVoytuCqB|maf575831nmrx@hotmail.com||login ok||||||||||ajoct16yahoo@gmail.com|Zuklpfkkzkua|tasuulobreph219248@outlook.com||login ok||||||||signin.rejected||